CustomerID,Gender,SeniorCitizen,Partner,Dependents,tenure,PhoneService,MultipleLines,InternetService,OnlineSecurity,OnlineBackup,DeviceProtection,TechSupport,StreamingTV,StreamingMovies,Contract,PaperlessBilling,PaymentMethod,MonthlyCharges,TotalCharges,Churn,SignupDate,TenureGroup,ChargesGroup,TotalServices,EstimatedCLV,RiskScore,CustomerSegment
CUST000001,Male,0,Yes,No,7,No,No phone service,Fiber optic,No,Yes,Yes,Yes,No,No,One year,Yes,Credit card (automatic),99.01,646.52,No,2024-06-05,0-1 year,High,3,693.07,40.0,Standard
CUST000002,Female,0,No,No,35,Yes,No,No,No internet service,No internet service,No internet service,No internet service,No internet service,No internet service,One year,No,Bank transfer (automatic),51.6,1670.0,No,2022-02-16,2-4 years,Medium,1,1806.0,10.0,Standard
CUST000003,Female,0,No,Yes,55,Yes,Yes,Fiber optic,Yes,No,No,No,No,No,One year,No,Electronic check,39.12,2358.18,No,2020-06-26,4+ years,Medium,3,2151.6,10.0,Standard
CUST000004,Female,0,No,No,14,Yes,No,Fiber optic,No,No,No,No,Yes,No,Month-to-month,Yes,Credit card (automatic),43.94,602.08,No,2023-11-08,1-2 years,Medium,2,615.16,40.0,Standard
CUST000005,Male,0,No,No,10,Yes,No,No,No internet service,No internet service,No internet service,No internet service,No internet service,No internet service,Month-to-month,Yes,Bank transfer (automatic),71.14,672.62,Yes,2024-03-07,0-1 year,High,1,711.4,80.0,Standard
CUST000006,Male,0,No,No,16,No,No phone service,No,No internet service,No internet service,No internet service,No internet service,No internet service,No internet service,Month-to-month,Yes,Mailed check,34.48,515.42,No,2023-09-09,1-2 years,Low,0,551.68,40.0,Standard
CUST000007,Male,1,No,No,54,Yes,No,Fiber optic,Yes,No,No,Yes,No,No,Month-to-month,Yes,Electronic check,90.37,5043.56,Yes,2020-07-26,4+ years,High,3,4879.98,65.0,Premium
CUST000008,Female,0,No,No,70,No,No phone service,Fiber optic,No,Yes,No,No,Yes,No,Two year,Yes,Electronic check,97.3,6960.09,No,2019-04-03,4+ years,High,2,6811.0,35.0,Premium
CUST000009,Female,1,Yes,No,44,Yes,Yes,Fiber optic,No,Yes,No,No,No,No,Month-to-month,No,Electronic check,47.27,2139.59,Yes,2021-05-22,2-4 years,Medium,3,2079.88,50.0,Standard
CUST000010,Female,0,Yes,No,45,Yes,No,DSL,No,Yes,No,Yes,No,No,Month-to-month,Yes,Mailed check,61.51,2539.87,No,2021-04-22,2-4 years,Medium,3,2767.95,30.0,Standard
CUST000011,Male,0,Yes,No,56,Yes,No,Fiber optic,Yes,No,No,No,Yes,Yes,One year,Yes,Mailed check,31.55,1905.86,Yes,2020-05-27,4+ years,Low,4,1766.8,0.0,Standard
CUST000012,Female,0,No,No,57,Yes,No phone service,No,No internet service,No internet service,No internet service,No internet service,No internet service,No internet service,Month-to-month,Yes,Mailed check,74.85,4171.96,Yes,2020-04-27,4+ years,High,1,4266.45,55.0,Premium
CUST000013,Female,1,No,No,21,Yes,Yes,No,No internet service,No internet service,No internet service,No internet service,No internet service,No internet service,Month-to-month,Yes,Mailed check,58.97,1192.15,No,2023-04-12,1-2 years,Medium,2,1238.37,50.0,Standard
CUST000014,Male,1,Yes,Yes,68,Yes,Yes,DSL,No,No,Yes,No,No,Yes,Two year,No,Mailed check,48.9,3300.17,No,2019-06-02,4+ years,Medium,4,3325.2,10.0,Standard
CUST000015,Male,0,No,Yes,50,Yes,No,Fiber optic,No,No,No,Yes,Yes,Yes,Two year,Yes,Bank transfer (automatic),44.48,2175.1,No,2020-11-23,4+ years,Medium,4,2224.0,0.0,Standard
CUST000016,Male,0,No,Yes,33,Yes,Yes,DSL,Yes,Yes,No,Yes,Yes,No,One year,Yes,Credit card (automatic),75.78,2682.58,Yes,2022-04-17,2-4 years,High,6,2500.74,15.0,Power User
CUST000017,Male,0,Yes,No,7,Yes,No,No,No internet service,No internet service,No internet service,No internet service,No internet service,No internet service,Month-to-month,No,Electronic check,59.14,449.52,Yes,2024-06-05,0-1 year,Medium,1,413.98,75.0,Standard
CUST000018,Female,0,No,No,70,Yes,No,No,No internet service,No internet service,No internet service,No internet service,No internet service,No internet service,One year,Yes,Mailed check,42.58,2863.43,No,2019-04-03,4+ years,Medium,1,2980.6,10.0,Standard
CUST000019,Male,1,No,Yes,15,Yes,Yes,Fiber optic,Yes,No,No,Yes,Yes,No,One year,No,Electronic check,78.24,1259.02,Yes,2023-10-09,1-2 years,High,5,1173.6,35.0,Standard
CUST000020,Male,0,Yes,No,32,Yes,No,No,No internet service,No internet service,No internet service,No internet service,No internet service,No internet service,Month-to-month,Yes,Bank transfer (automatic),69.56,2351.25,No,2022-05-17,2-4 years,High,1,2225.92,40.0,Standard
CUST000021,Female,0,No,Yes,20,Yes,No,Fiber optic,No,No,No,No,Yes,No,Month-to-month,Yes,Bank transfer (automatic),90.11,1957.48,No,2023-05-12,1-2 years,High,2,1802.2,55.0,Standard
CUST000022,Male,0,Yes,No,15,Yes,Yes,Fiber optic,Yes,Yes,No,No,No,Yes,Two year,No,Credit card (automatic),38.22,544.15,No,2023-10-09,1-2 years,Medium,5,573.3,0.0,Standard
CUST000023,Male,1,No,No,48,Yes,No phone service,DSL,Yes,No,No,Yes,No,No,Month-to-month,Yes,Electronic check,85.0,4142.8,Yes,2021-01-22,2-4 years,High,3,4080.0,65.0,Standard
CUST000024,Male,1,No,Yes,71,Yes,No,Fiber optic,Yes,No,No,Yes,Yes,No,One year,Yes,Credit card (automatic),77.15,5230.66,No,2019-03-04,4+ years,High,4,5477.65,25.0,Premium
CUST000025,Male,0,No,No,21,No,No phone service,Fiber optic,No,No,Yes,Yes,Yes,No,Month-to-month,Yes,Electronic check,38.05,850.84,No,2023-04-12,1-2 years,Medium,3,799.05,40.0,Standard
CUST000026,Female,0,Yes,Yes,42,Yes,No,Fiber optic,No,No,No,Yes,No,No,Month-to-month,Yes,Bank transfer (automatic),78.64,2976.11,Yes,2021-07-21,2-4 years,High,2,3302.88,55.0,Standard
CUST000027,Male,0,No,Yes,26,Yes,No,Fiber optic,Yes,No,No,No,No,Yes,Month-to-month,No,Electronic check,60.91,1604.19,Yes,2022-11-13,2-4 years,Medium,3,1583.66,40.0,Standard
CUST000028,Female,0,No,No,14,Yes,No phone service,No,No internet service,No internet service,No internet service,No internet service,No internet service,No internet service,Two year,No,Credit card (automatic),96.15,1302.81,No,2023-11-08,1-2 years,High,1,1346.1,25.0,Standard
CUST000029,Female,0,Yes,No,57,Yes,No,DSL,No,Yes,No,Yes,No,Yes,Month-to-month,No,Mailed check,39.91,2194.2,Yes,2020-04-27,4+ years,Medium,4,2274.87,30.0,Standard
CUST000030,Male,1,No,No,37,Yes,No,Fiber optic,No,No,No,No,Yes,No,Month-to-month,No,Bank transfer (automatic),75.0,2855.42,Yes,2021-12-18,2-4 years,High,2,2775.0,65.0,Standard
CUST000031,Female,0,Yes,No,58,Yes,No,Fiber optic,No,Yes,No,No,Yes,No,One year,Yes,Credit card (automatic),56.74,3522.26,No,2020-03-28,4+ years,Medium,3,3290.92,0.0,Standard
CUST000032,Male,1,No,No,21,Yes,Yes,Fiber optic,Yes,No,Yes,No,No,Yes,One year,Yes,Electronic check,96.98,2081.06,No,2023-04-12,1-2 years,High,5,2036.58,35.0,Standard
CUST000033,Male,1,Yes,No,69,Yes,No,Fiber optic,Yes,No,No,No,No,Yes,Two year,Yes,Electronic check,53.1,3922.7,No,2019-05-03,4+ years,Medium,3,3663.9,20.0,Standard
CUST000034,Female,0,Yes,Yes,3,No,No phone service,DSL,No,No,No,No,No,Yes,Month-to-month,Yes,Credit card (automatic),97.35,278.3,Yes,2024-10-03,0-1 year,High,1,292.05,80.0,Standard
CUST000035,Female,0,Yes,No,37,Yes,Yes,DSL,No,No,Yes,Yes,No,No,Month-to-month,Yes,Electronic check,93.1,3458.14,Yes,2021-12-18,2-4 years,High,4,3444.7,55.0,Standard
CUST000036,Female,1,No,Yes,49,Yes,Yes,Fiber optic,Yes,No,Yes,Yes,No,No,Two year,No,Electronic check,48.93,2373.85,No,2020-12-23,4+ years,Medium,5,2397.57,20.0,Standard
CUST000037,Male,1,Yes,Yes,19,Yes,No phone service,Fiber optic,No,Yes,No,No,No,Yes,One year,Yes,Mailed check,86.25,1478.69,No,2023-06-11,1-2 years,High,3,1638.75,25.0,Standard
CUST000038,Male,0,No,No,12,Yes,No,DSL,Yes,No,No,Yes,No,No,Month-to-month,Yes,Mailed check,99.69,1209.87,No,2024-01-07,0-1 year,High,3,1196.28,45.0,Standard
CUST000039,Female,0,Yes,Yes,61,Yes,No,Fiber optic,No,No,Yes,No,No,Yes,Month-to-month,Yes,Electronic check,47.69,3003.07,No,2019-12-29,4+ years,Medium,3,2909.09,40.0,Standard
CUST000040,Male,0,Yes,No,41,Yes,No,Fiber optic,No,Yes,No,No,No,No,Two year,No,Electronic check,60.57,2529.02,No,2021-08-20,2-4 years,Medium,2,2483.37,20.0,Standard
CUST000041,Male,1,No,No,33,Yes,No,Fiber optic,Yes,Yes,No,No,Yes,Yes,Month-to-month,No,Electronic check,66.41,2295.09,No,2022-04-17,2-4 years,High,5,2191.53,50.0,Standard
CUST000042,Male,0,No,Yes,50,Yes,No phone service,No,No internet service,No internet service,No internet service,No internet service,No internet service,No internet service,One year,No,Mailed check,50.65,2568.63,No,2020-11-23,4+ years,Medium,1,2532.5,10.0,Standard
CUST000043,Male,0,Yes,No,68,Yes,No,DSL,No,No,No,No,No,No,Month-to-month,Yes,Credit card (automatic),31.07,1929.69,Yes,2019-06-02,4+ years,Low,1,2112.76,40.0,Standard
CUST000044,Female,0,No,Yes,71,Yes,Yes,DSL,No,No,No,No,No,No,Month-to-month,No,Credit card (automatic),45.41,2976.79,Yes,2019-03-04,4+ years,Medium,2,3224.11,40.0,Standard
CUST000045,Male,0,No,No,33,No,No phone service,No,No internet service,No internet service,No internet service,No internet service,No internet service,No internet service,One year,Yes,Bank transfer (automatic),49.74,1673.09,No,2022-04-17,2-4 years,Medium,0,1641.42,10.0,Standard
CUST000046,Female,0,No,No,24,No,No phone service,Fiber optic,Yes,Yes,No,Yes,No,No,Month-to-month,No,Electronic check,61.05,1399.26,No,2023-01-12,1-2 years,Medium,3,1465.2,40.0,Standard
CUST000047,Male,0,Yes,No,61,Yes,No,Fiber optic,No,No,No,No,No,No,Month-to-month,Yes,Credit card (automatic),41.98,2345.49,Yes,2019-12-29,4+ years,Medium,1,2560.78,40.0,Standard
CUST000048,Female,0,Yes,No,61,Yes,Yes,No,No internet service,No internet service,No internet service,No internet service,No internet service,No internet service,Month-to-month,Yes,Mailed check,91.13,5480.66,No,2019-12-29,4+ years,High,2,5558.93,55.0,Premium
CUST000049,Female,0,No,Yes,28,Yes,Yes,No,No internet service,No internet service,No internet service,No internet service,No internet service,No internet service,Month-to-month,Yes,Electronic check,79.34,2245.66,No,2022-09-14,2-4 years,High,2,2221.52,65.0,Standard
CUST000050,Male,0,Yes,No,58,Yes,No,No,No internet service,No internet service,No internet service,No internet service,No internet service,No internet service,One year,No,Credit card (automatic),35.96,2014.24,No,2020-03-28,4+ years,Medium,1,2085.68,10.0,Standard
CUST000051,Female,0,No,No,43,Yes,Yes,Fiber optic,No,No,Yes,No,Yes,Yes,Two year,Yes,Bank transfer (automatic),75.51,3390.08,No,2021-06-21,2-4 years,High,5,3246.93,15.0,Standard
CUST000052,Female,1,No,No,41,Yes,No,Fiber optic,Yes,No,Yes,No,No,No,One year,No,Bank transfer (automatic),75.76,3195.47,Yes,2021-08-20,2-4 years,High,3,3106.16,25.0,Standard
CUST000053,Female,0,No,No,39,Yes,No phone service,Fiber optic,No,No,Yes,No,No,Yes,Month-to-month,Yes,Bank transfer (automatic),96.94,3654.25,Yes,2021-10-19,2-4 years,High,3,3780.66,45.0,Standard
CUST000054,Female,0,No,No,49,Yes,No,DSL,No,Yes,No,No,No,No,Month-to-month,Yes,Electronic check,30.21,1555.75,Yes,2020-12-23,4+ years,Low,2,1480.29,50.0,Standard
CUST000055,Female,1,No,Yes,17,Yes,Yes,Fiber optic,No,No,Yes,Yes,Yes,No,Month-to-month,Yes,Electronic check,47.36,829.06,Yes,2023-08-10,1-2 years,Medium,5,805.12,50.0,Standard
CUST000056,Female,0,Yes,Yes,70,No,No phone service,DSL,Yes,No,No,No,No,No,Two year,Yes,Bank transfer (automatic),94.95,6829.21,No,2019-04-03,4+ years,High,1,6646.5,25.0,Premium
CUST000057,Male,0,No,No,70,Yes,No,No,No internet service,No internet service,No internet service,No internet service,No internet service,No internet service,Two year,Yes,Electronic check,95.25,6738.75,No,2019-04-03,4+ years,High,1,6667.5,35.0,Premium
CUST000058,Male,0,Yes,No,65,Yes,No,Fiber optic,No,Yes,No,No,Yes,Yes,Two year,Yes,Mailed check,80.44,4717.65,No,2019-08-31,4+ years,High,4,5228.6,15.0,Premium
CUST000059,Male,0,Yes,No,5,No,No phone service,Fiber optic,No,No,Yes,No,Yes,No,Month-to-month,No,Bank transfer (automatic),83.6,434.43,Yes,2024-08-04,0-1 year,High,2,418.0,80.0,Standard
CUST000060,Male,0,No,No,2,Yes,Yes,Fiber optic,Yes,Yes,No,Yes,No,No,Month-to-month,Yes,Bank transfer (automatic),36.4,71.0,Yes,2024-11-02,0-1 year,Medium,5,72.8,55.0,Entry
CUST000061,Male,0,No,No,22,Yes,No,DSL,No,No,No,No,No,Yes,Month-to-month,No,Mailed check,65.97,1579.82,Yes,2023-03-13,1-2 years,High,2,1451.34,40.0,Standard
CUST000062,Male,0,No,Yes,57,Yes,No,DSL,No,No,No,No,No,No,Month-to-month,Yes,Bank transfer (automatic),46.21,2801.48,Yes,2020-04-27,4+ years,Medium,1,2633.97,40.0,Standard
CUST000063,Female,0,No,No,66,Yes,No,Fiber optic,No,No,No,No,No,No,Month-to-month,No,Credit card (automatic),42.69,2866.96,Yes,2019-08-01,4+ years,Medium,1,2817.54,40.0,Standard
CUST000064,Male,0,Yes,Yes,16,Yes,Yes,DSL,Yes,Yes,No,Yes,Yes,No,Two year,Yes,Bank transfer (automatic),86.72,1318.75,No,2023-09-09,1-2 years,High,6,1387.52,15.0,Power User
CUST000065,Male,0,Yes,No,51,Yes,No,Fiber optic,Yes,No,No,No,No,Yes,Month-to-month,Yes,Electronic check,39.45,1892.73,Yes,2020-10-24,4+ years,Medium,3,2011.95,40.0,Standard
CUST000066,Female,0,No,No,39,Yes,No,No,No internet service,No internet service,No internet service,No internet service,No internet service,No internet service,Month-to-month,Yes,Electronic check,62.81,2371.39,Yes,2021-10-19,2-4 years,Medium,1,2449.59,50.0,Standard
CUST000067,Male,0,Yes,No,40,Yes,Yes,No,No internet service,No internet service,No internet service,No internet service,No internet service,No internet service,Month-to-month,Yes,Electronic check,95.7,3810.06,Yes,2021-09-19,2-4 years,High,2,3828.0,65.0,Standard
CUST000068,Female,0,Yes,Yes,38,Yes,Yes,Fiber optic,No,No,Yes,No,Yes,No,Two year,No,Electronic check,43.01,1567.72,No,2021-11-18,2-4 years,Medium,4,1634.38,10.0,Standard
CUST000069,Male,1,Yes,No,60,Yes,No,DSL,No,No,No,No,No,Yes,One year,Yes,Electronic check,98.46,5925.24,No,2020-01-28,4+ years,High,2,5907.6,45.0,Premium
CUST000070,Female,0,Yes,No,59,Yes,Yes,No,No internet service,No internet service,No internet service,No internet service,No internet service,No internet service,One year,Yes,Electronic check,99.6,5483.12,No,2020-02-27,4+ years,High,2,5876.4,35.0,Premium
CUST000071,Female,0,Yes,No,10,Yes,Yes,No,No internet service,No internet service,No internet service,No internet service,No internet service,No internet service,Two year,No,Mailed check,68.89,754.72,No,2024-03-07,0-1 year,High,2,688.9,35.0,Standard
CUST000072,Male,0,Yes,Yes,64,No,No phone service,DSL,No,Yes,No,No,No,Yes,Month-to-month,Yes,Credit card (automatic),41.91,2471.91,No,2019-09-30,4+ years,Medium,2,2682.24,40.0,Standard
CUST000073,Male,0,Yes,No,63,Yes,No,Fiber optic,Yes,No,No,No,Yes,No,One year,No,Electronic check,52.13,3567.91,Yes,2019-10-30,4+ years,Medium,3,3284.19,10.0,Standard
CUST000074,Female,0,Yes,No,49,Yes,No,DSL,No,No,No,No,No,Yes,Month-to-month,Yes,Bank transfer (automatic),59.71,3167.8,No,2020-12-23,4+ years,Medium,2,2925.79,40.0,Standard
CUST000075,Female,1,No,Yes,64,Yes,No,No,No internet service,No internet service,No internet service,No internet service,No internet service,No internet service,Month-to-month,No,Bank transfer (automatic),51.65,3322.37,No,2019-09-30,4+ years,Medium,1,3305.6,50.0,Standard
CUST000076,Female,1,Yes,Yes,32,Yes,Yes,No,No internet service,No internet service,No internet service,No internet service,No internet service,No internet service,Two year,Yes,Electronic check,49.64,1659.93,No,2022-05-17,2-4 years,Medium,2,1588.48,30.0,Standard
CUST000077,Female,0,Yes,Yes,7,No,No phone service,DSL,Yes,Yes,Yes,No,No,Yes,One year,Yes,Credit card (automatic),98.06,677.64,No,2024-06-05,0-1 year,High,4,686.42,40.0,Standard
CUST000078,Male,1,No,No,21,Yes,No,No,No internet service,No internet service,No internet service,No internet service,No internet service,No internet service,Month-to-month,Yes,Mailed check,40.74,877.79,Yes,2023-04-12,1-2 years,Medium,1,855.54,50.0,Standard
CUST000079,Male,0,Yes,No,20,Yes,No,Fiber optic,Yes,Yes,Yes,Yes,No,No,Month-to-month,No,Mailed check,81.33,1574.74,Yes,2023-05-12,1-2 years,High,5,1626.6,45.0,Standard
CUST000080,Male,0,No,No,26,Yes,No phone service,No,No internet service,No internet service,No internet service,No internet service,No internet service,No internet service,Month-to-month,Yes,Bank transfer (automatic),30.03,749.73,Yes,2022-11-13,2-4 years,Low,1,780.78,40.0,Standard
CUST000081,Female,0,No,Yes,68,Yes,Yes,Fiber optic,No,Yes,No,No,Yes,No,Month-to-month,Yes,Electronic check,71.73,4953.96,Yes,2019-06-02,4+ years,High,4,4877.64,55.0,Premium
CUST000082,Female,1,Yes,No,15,Yes,No,No,No internet service,No internet service,No internet service,No internet service,No internet service,No internet service,Month-to-month,No,Bank transfer (automatic),94.12,1411.27,Yes,2023-10-09,1-2 years,High,1,1411.8,65.0,Standard
CUST000083,Male,0,Yes,No,14,Yes,Yes,DSL,Yes,No,No,No,Yes,No,Month-to-month,No,Electronic check,50.16,713.41,Yes,2023-11-08,1-2 years,Medium,4,702.24,40.0,Standard
CUST000084,Male,0,No,No,27,Yes,No,DSL,Yes,Yes,Yes,Yes,No,Yes,Month-to-month,No,Credit card (automatic),42.99,1111.2,No,2022-10-14,2-4 years,Medium,6,1160.73,30.0,Power User
CUST000085,Male,0,No,No,40,Yes,Yes,DSL,No,No,No,No,No,No,Two year,No,Mailed check,75.62,2944.31,No,2021-09-19,2-4 years,High,2,3024.8,25.0,Standard
CUST000086,Male,0,Yes,Yes,58,Yes,Yes,No,No internet service,No internet service,No internet service,No internet service,No internet service,No internet service,Month-to-month,Yes,Bank transfer (automatic),79.88,4247.48,Yes,2020-03-28,4+ years,High,2,4633.04,55.0,Premium
CUST000087,Female,0,No,No,28,Yes,Yes,No,No internet service,No internet service,No internet service,No internet service,No internet service,No internet service,Month-to-month,Yes,Electronic check,78.16,1992.51,No,2022-09-14,2-4 years,High,2,2188.48,65.0,Standard
CUST000088,Female,0,Yes,No,26,Yes,No,No,No internet service,No internet service,No internet service,No internet service,No internet service,No internet service,Month-to-month,No,Bank transfer (automatic),52.35,1293.99,No,2022-11-13,2-4 years,Medium,1,1361.1,40.0,Standard
CUST000089,Female,0,No,No,63,No,No phone service,No,No internet service,No internet service,No internet service,No internet service,No internet service,No internet service,Two year,No,Bank transfer (automatic),47.65,2746.33,No,2019-10-30,4+ years,Medium,0,3001.95,10.0,Standard
CUST000090,Male,0,Yes,No,66,Yes,No,DSL,No,No,Yes,No,Yes,No,Month-to-month,Yes,Mailed check,96.91,5889.2,Yes,2019-08-01,4+ years,High,3,6396.06,45.0,Premium
CUST000091,Male,0,No,No,25,Yes,No,Fiber optic,No,No,Yes,No,No,No,Month-to-month,Yes,Bank transfer (automatic),94.63,2513.81,No,2022-12-13,2-4 years,High,2,2365.75,55.0,Standard
CUST000092,Female,0,No,No,3,Yes,Yes,DSL,Yes,Yes,No,Yes,No,No,Month-to-month,No,Mailed check,62.01,168.87,Yes,2024-10-03,0-1 year,Medium,5,186.03,55.0,Standard
CUST000093,Female,0,No,Yes,72,Yes,No,DSL,Yes,Yes,No,No,Yes,Yes,One year,Yes,Credit card (automatic),89.23,6628.79,No,2019-02-02,4+ years,High,5,6424.56,15.0,Premium
CUST000094,Female,0,Yes,Yes,44,Yes,Yes,DSL,No,No,No,No,No,Yes,One year,Yes,Mailed check,61.66,2589.63,No,2021-05-22,2-4 years,Medium,3,2713.04,0.0,Standard
CUST000095,Female,1,Yes,No,42,Yes,No,Fiber optic,Yes,No,No,No,No,Yes,Two year,Yes,Credit card (automatic),59.71,2694.17,No,2021-07-21,2-4 years,Medium,3,2507.82,10.0,Standard
CUST000096,Male,0,Yes,No,6,Yes,No,DSL,No,No,No,No,No,No,Two year,Yes,Credit card (automatic),40.97,245.08,No,2024-07-05,0-1 year,Medium,1,245.82,35.0,Standard
CUST000097,Female,0,Yes,Yes,39,Yes,Yes,DSL,No,No,No,No,Yes,Yes,One year,No,Mailed check,59.85,2243.39,No,2021-10-19,2-4 years,Medium,4,2334.15,0.0,Standard
CUST000098,Male,0,Yes,Yes,52,Yes,Yes,DSL,No,No,No,No,Yes,Yes,One year,Yes,Electronic check,67.62,3528.64,Yes,2020-09-24,4+ years,High,4,3516.24,10.0,Standard
CUST000099,Male,0,No,Yes,23,Yes,Yes,DSL,No,No,No,Yes,Yes,No,Month-to-month,No,Mailed check,31.58,709.19,Yes,2023-02-11,1-2 years,Low,4,726.34,30.0,Standard
CUST000100,Male,0,Yes,No,50,Yes,No phone service,No,No internet service,No internet service,No internet service,No internet service,No internet service,No internet service,Month-to-month,Yes,Credit card (automatic),61.09,3093.78,No,2020-11-23,4+ years,Medium,1,3054.5,40.0,Standard
CUST000101,Male,0,Yes,Yes,43,No,No phone service,No,No internet service,No internet service,No internet service,No internet service,No internet service,No internet service,Two year,Yes,Electronic check,84.69,3360.92,Yes,2021-06-21,2-4 years,High,0,3641.67,35.0,Standard
CUST000102,Female,0,No,No,19,Yes,No,No,No internet service,No internet service,No internet service,No internet service,No internet service,No internet service,Month-to-month,No,Mailed check,77.6,1620.95,No,2023-06-11,1-2 years,High,1,1474.4,55.0,Standard
CUST000103,Male,0,No,Yes,69,No,No phone service,Fiber optic,No,Yes,Yes,Yes,Yes,No,Month-to-month,Yes,Credit card (automatic),74.46,5061.25,No,2019-05-03,4+ years,High,4,5137.74,45.0,Premium
CUST000104,Male,0,No,No,51,Yes,Yes,DSL,No,Yes,Yes,No,No,No,One year,Yes,Mailed check,93.67,4632.16,Yes,2020-10-24,4+ years,High,4,4777.17,15.0,Premium
CUST000105,Female,0,No,Yes,11,Yes,No,No,No internet service,No internet service,No internet service,No internet service,No internet service,No internet service,Month-to-month,Yes,Bank transfer (automatic),31.26,358.32,No,2024-02-06,0-1 year,Low,1,343.86,65.0,Entry
CUST000106,Male,0,Yes,No,12,Yes,No,DSL,Yes,Yes,No,No,No,No,One year,Yes,Electronic check,68.99,805.35,No,2024-01-07,0-1 year,High,3,827.88,10.0,Standard
CUST000107,Male,0,Yes,Yes,8,Yes,Yes,DSL,No,Yes,No,No,Yes,Yes,One year,Yes,Electronic check,85.11,726.26,No,2024-05-06,0-1 year,High,5,680.88,50.0,Standard
CUST000108,Female,0,No,No,24,Yes,Yes,DSL,Yes,No,Yes,Yes,No,Yes,Month-to-month,No,Bank transfer (automatic),67.89,1614.46,Yes,2023-01-12,1-2 years,High,6,1629.36,30.0,Power User
CUST000109,Male,0,No,Yes,41,Yes,Yes,DSL,No,No,No,Yes,Yes,Yes,Two year,No,Electronic check,52.67,2254.3,No,2021-08-20,2-4 years,Medium,5,2159.47,10.0,Standard
CUST000110,Male,0,Yes,No,36,Yes,No,DSL,No,No,No,Yes,No,No,Month-to-month,No,Electronic check,39.54,1311.69,No,2022-01-17,2-4 years,Medium,2,1423.44,50.0,Standard
CUST000111,Male,0,No,No,72,Yes,No phone service,Fiber optic,No,No,No,No,No,No,Month-to-month,Yes,Credit card (automatic),92.13,7092.55,No,2019-02-02,4+ years,High,1,6633.36,55.0,Premium
CUST000112,Male,0,Yes,No,55,Yes,Yes,Fiber optic,No,Yes,No,No,Yes,No,Month-to-month,Yes,Electronic check,62.95,3625.47,Yes,2020-06-26,4+ years,Medium,4,3462.25,40.0,Standard
CUST000113,Female,0,Yes,No,9,Yes,No,DSL,No,Yes,No,No,No,No,One year,Yes,Credit card (automatic),91.47,775.77,No,2024-04-06,0-1 year,High,2,823.23,50.0,Standard
CUST000114,Female,0,No,No,47,Yes,Yes,DSL,No,Yes,No,Yes,No,Yes,One year,Yes,Credit card (automatic),71.01,3100.7,Yes,2021-02-21,2-4 years,High,5,3337.47,15.0,Standard
CUST000115,Female,1,No,No,15,Yes,No phone service,No,No internet service,No internet service,No internet service,No internet service,No internet service,No internet service,Month-to-month,Yes,Electronic check,77.19,1115.31,Yes,2023-10-09,1-2 years,High,1,1157.85,75.0,Standard
CUST000116,Female,1,No,No,48,Yes,Yes,DSL,No,Yes,Yes,No,No,No,One year,Yes,Electronic check,86.3,4536.81,Yes,2021-01-22,2-4 years,High,4,4142.4,35.0,Standard
CUST000117,Female,0,Yes,No,42,Yes,No,DSL,No,Yes,No,No,Yes,Yes,Month-to-month,No,Bank transfer (automatic),76.14,3042.36,Yes,2021-07-21,2-4 years,High,4,3197.88,45.0,Standard
CUST000118,Male,0,No,No,60,Yes,No,No,No internet service,No internet service,No internet service,No internet service,No internet service,No internet service,Two year,Yes,Mailed check,57.86,3441.14,No,2020-01-28,4+ years,Medium,1,3471.6,10.0,Standard
CUST000119,Female,0,Yes,No,70,Yes,No,DSL,No,No,No,Yes,No,Yes,Month-to-month,Yes,Electronic check,65.95,4182.57,Yes,2019-04-03,4+ years,High,3,4616.5,40.0,Standard
CUST000120,Female,0,Yes,No,12,Yes,No,DSL,No,Yes,No,Yes,Yes,No,One year,No,Bank transfer (automatic),86.21,1013.26,Yes,2024-01-07,0-1 year,High,4,1034.52,15.0,Standard
CUST000121,Female,0,No,No,2,Yes,Yes,Fiber optic,No,No,No,Yes,No,No,Month-to-month,Yes,Electronic check,56.16,113.92,Yes,2024-11-02,0-1 year,Medium,3,112.32,65.0,Standard
CUST000122,Female,0,No,Yes,7,Yes,Yes,DSL,No,No,Yes,Yes,No,Yes,Month-to-month,No,Credit card (automatic),57.17,436.46,Yes,2024-06-05,0-1 year,Medium,5,400.19,55.0,Standard
CUST000123,Male,0,No,No,3,Yes,Yes,Fiber optic,Yes,No,No,Yes,No,No,Month-to-month,No,Electronic check,36.7,110.47,No,2024-10-03,0-1 year,Medium,4,110.1,65.0,Entry
CUST000124,Male,0,No,No,3,Yes,Yes,No,No internet service,No internet service,No internet service,No internet service,No internet service,No internet service,Two year,No,Electronic check,94.02,300.06,Yes,2024-10-03,0-1 year,High,2,282.06,60.0,Standard
CUST000125,Male,0,No,Yes,27,Yes,No,DSL,No,Yes,No,No,No,No,Month-to-month,Yes,Electronic check,36.37,991.25,No,2022-10-14,2-4 years,Medium,2,981.99,50.0,Standard
CUST000126,Male,0,No,No,40,Yes,Yes,Fiber optic,No,Yes,Yes,No,No,No,Two year,No,Credit card (automatic),75.37,2737.91,No,2021-09-19,2-4 years,High,4,3014.8,15.0,Standard
CUST000127,Female,0,Yes,Yes,33,No,No phone service,Fiber optic,No,No,Yes,No,Yes,Yes,Month-to-month,Yes,Bank transfer (automatic),58.92,1872.42,No,2022-04-17,2-4 years,Medium,3,1944.36,30.0,Standard
CUST000128,Female,0,Yes,No,1,Yes,No,DSL,No,No,No,No,No,No,Month-to-month,No,Credit card (automatic),58.39,59.27,Yes,2024-12-02,0-1 year,Medium,1,58.39,65.0,Standard
CUST000129,Male,0,Yes,Yes,8,No,No phone service,Fiber optic,Yes,No,No,No,No,No,Month-to-month,Yes,Mailed check,77.57,676.48,Yes,2024-05-06,0-1 year,High,1,620.56,80.0,Standard
CUST000130,Female,0,Yes,No,32,Yes,No,DSL,No,No,No,Yes,No,Yes,Two year,Yes,Electronic check,34.7,1190.16,No,2022-05-17,2-4 years,Low,3,1110.4,10.0,Standard
CUST000131,Male,0,No,No,48,Yes,Yes,Fiber optic,Yes,No,Yes,No,No,Yes,Month-to-month,Yes,Electronic check,71.56,3248.27,Yes,2021-01-22,2-4 years,High,5,3434.88,55.0,Standard
CUST000132,Male,1,Yes,No,4,Yes,Yes,DSL,No,No,No,Yes,No,No,Two year,Yes,Mailed check,84.04,317.34,No,2024-09-03,0-1 year,High,3,336.16,50.0,Standard
CUST000133,Male,0,Yes,No,70,Yes,No phone service,Fiber optic,No,No,Yes,No,No,No,Two year,No,Mailed check,87.97,5789.87,No,2019-04-03,4+ years,High,2,6157.9,25.0,Premium
CUST000134,Male,0,Yes,No,19,Yes,Yes,DSL,Yes,No,No,No,No,Yes,Two year,No,Bank transfer (automatic),41.94,864.19,No,2023-06-11,1-2 years,Medium,4,796.86,0.0,Standard
CUST000135,Female,0,No,No,32,Yes,Yes,No,No internet service,No internet service,No internet service,No internet service,No internet service,No internet service,Month-to-month,No,Electronic check,92.82,3179.74,Yes,2022-05-17,2-4 years,High,2,2970.24,65.0,Standard
CUST000136,Male,0,Yes,Yes,9,Yes,No,DSL,No,No,No,Yes,No,Yes,One year,Yes,Credit card (automatic),75.93,720.94,No,2024-04-06,0-1 year,High,3,683.37,40.0,Standard
CUST000137,Female,0,No,No,12,Yes,No,Fiber optic,Yes,Yes,Yes,Yes,No,No,One year,No,Electronic check,91.73,1077.15,No,2024-01-07,0-1 year,High,5,1100.76,25.0,Standard
CUST000138,Female,0,Yes,Yes,11,Yes,No,Fiber optic,No,Yes,No,No,Yes,Yes,Month-to-month,Yes,Credit card (automatic),63.97,704.29,Yes,2024-02-06,0-1 year,Medium,4,703.67,55.0,Standard
CUST000139,Male,0,Yes,No,46,Yes,Yes,Fiber optic,Yes,No,Yes,Yes,No,Yes,One year,No,Electronic check,67.94,3102.95,No,2021-03-23,2-4 years,High,6,3125.24,10.0,Power User
CUST000140,Female,0,No,No,16,Yes,Yes,Fiber optic,Yes,Yes,No,No,No,No,Month-to-month,No,Mailed check,94.33,1434.84,Yes,2023-09-09,1-2 years,High,4,1509.28,45.0,Standard
CUST000141,Female,0,No,No,1,Yes,No phone service,Fiber optic,No,Yes,Yes,No,Yes,No,Month-to-month,Yes,Electronic check,92.99,93.08,Yes,2024-12-02,0-1 year,High,4,92.99,80.0,Standard
CUST000142,Male,0,Yes,No,63,Yes,Yes,No,No internet service,No internet service,No internet service,No internet service,No internet service,No internet service,Month-to-month,No,Mailed check,61.37,3503.26,No,2019-10-30,4+ years,Medium,2,3866.31,40.0,Standard
CUST000143,Male,0,No,No,21,No,No phone service,No,No internet service,No internet service,No internet service,No internet service,No internet service,No internet service,Month-to-month,Yes,Mailed check,49.21,957.31,No,2023-04-12,1-2 years,Medium,0,1033.41,40.0,Standard
CUST000144,Male,0,No,No,30,Yes,No,DSL,No,No,No,No,No,No,Month-to-month,Yes,Mailed check,57.52,1859.02,Yes,2022-07-16,2-4 years,Medium,1,1725.6,40.0,Standard
CUST000145,Male,0,Yes,Yes,13,No,No phone service,Fiber optic,No,No,No,Yes,Yes,Yes,Month-to-month,Yes,Mailed check,57.14,780.21,Yes,2023-12-08,1-2 years,Medium,3,742.82,30.0,Standard
CUST000146,Male,1,No,No,34,Yes,Yes,No,No internet service,No internet service,No internet service,No internet service,No internet service,No internet service,One year,Yes,Bank transfer (automatic),50.08,1676.45,Yes,2022-03-18,2-4 years,Medium,2,1702.72,20.0,Standard
CUST000147,Female,0,No,Yes,4,Yes,Yes,No,No internet service,No internet service,No internet service,No internet service,No internet service,No internet service,Month-to-month,No,Bank transfer (automatic),48.8,195.87,Yes,2024-09-03,0-1 year,Medium,2,195.2,65.0,Standard
CUST000148,Male,0,No,No,28,Yes,No,No,No internet service,No internet service,No internet service,No internet service,No internet service,No internet service,Month-to-month,Yes,Credit card (automatic),90.27,2461.84,Yes,2022-09-14,2-4 years,High,1,2527.56,55.0,Standard
CUST000149,Male,0,No,No,59,Yes,No,Fiber optic,No,Yes,No,Yes,Yes,No,Month-to-month,Yes,Electronic check,34.89,2157.64,Yes,2020-02-27,4+ years,Low,4,2058.51,40.0,Standard
CUST000150,Male,0,No,No,27,No,No phone service,DSL,No,No,No,No,Yes,No,One year,Yes,Bank transfer (automatic),77.43,2209.43,No,2022-10-14,2-4 years,High,1,2090.61,25.0,Standard
CUST000151,Female,0,No,Yes,69,Yes,Yes,Fiber optic,Yes,Yes,Yes,No,No,Yes,One year,No,Mailed check,42.1,3057.86,No,2019-05-03,4+ years,Medium,6,2904.9,0.0,Power User
CUST000152,Male,0,No,No,25,Yes,Yes,Fiber optic,No,No,No,No,No,Yes,One year,No,Mailed check,54.12,1413.24,Yes,2022-12-13,2-4 years,Medium,3,1353.0,0.0,Standard
CUST000153,Male,0,No,Yes,3,Yes,No phone service,Fiber optic,Yes,No,No,No,Yes,No,One year,No,Mailed check,34.31,96.85,Yes,2024-10-03,0-1 year,Low,3,102.93,25.0,Entry
CUST000154,Male,0,No,No,68,Yes,No,Fiber optic,No,No,Yes,Yes,No,No,Month-to-month,No,Electronic check,48.9,3217.44,Yes,2019-06-02,4+ years,Medium,3,3325.2,40.0,Standard
CUST000155,Female,0,No,Yes,25,Yes,No,No,No internet service,No internet service,No internet service,No internet service,No internet service,No internet service,One year,Yes,Electronic check,83.79,2082.12,No,2022-12-13,2-4 years,High,1,2094.75,35.0,Standard
CUST000156,Male,0,No,No,20,Yes,Yes,Fiber optic,No,No,No,No,Yes,No,Month-to-month,Yes,Electronic check,91.95,1776.77,Yes,2023-05-12,1-2 years,High,3,1839.0,55.0,Standard
CUST000157,Female,0,Yes,No,34,Yes,No,No,No internet service,No internet service,No internet service,No internet service,No internet service,No internet service,Month-to-month,Yes,Electronic check,45.51,1626.24,Yes,2022-03-18,2-4 years,Medium,1,1547.34,50.0,Standard
CUST000158,Female,0,No,No,26,Yes,No,Fiber optic,Yes,No,Yes,No,Yes,No,One year,Yes,Bank transfer (automatic),62.45,1568.28,No,2022-11-13,2-4 years,Medium,4,1623.7,0.0,Standard
CUST000159,Male,0,No,No,5,Yes,No,DSL,Yes,No,No,Yes,No,No,Month-to-month,No,Bank transfer (automatic),62.92,291.84,No,2024-08-04,0-1 year,Medium,3,314.6,55.0,Standard
CUST000160,Female,0,Yes,No,61,Yes,No,Fiber optic,Yes,No,No,No,No,No,One year,Yes,Credit card (automatic),91.15,5447.88,Yes,2019-12-29,4+ years,High,2,5560.15,25.0,Premium
CUST000161,Male,0,No,No,9,Yes,Yes,No,No internet service,No internet service,No internet service,No internet service,No internet service,No internet service,One year,No,Bank transfer (automatic),83.4,822.64,Yes,2024-04-06,0-1 year,High,2,750.6,50.0,Standard
CUST000162,Female,1,Yes,No,50,Yes,No,DSL,No,No,No,No,No,Yes,Month-to-month,Yes,Electronic check,65.92,3115.3,Yes,2020-11-23,4+ years,High,2,3296.0,60.0,Standard
CUST000163,Female,0,Yes,No,6,Yes,Yes,DSL,Yes,No,Yes,No,Yes,No,Month-to-month,Yes,Credit card (automatic),76.95,472.06,Yes,2024-07-05,0-1 year,High,5,461.7,70.0,Standard
CUST000164,Female,0,No,No,60,Yes,No,No,No internet service,No internet service,No internet service,No internet service,No internet service,No internet service,Month-to-month,Yes,Credit card (automatic),89.31,5286.77,Yes,2020-01-28,4+ years,High,1,5358.6,55.0,Premium
CUST000165,Male,0,Yes,No,44,Yes,No phone service,DSL,No,Yes,Yes,No,No,Yes,Two year,No,Mailed check,30.67,1233.7,No,2021-05-22,2-4 years,Low,4,1349.48,0.0,Standard
CUST000166,Female,0,No,No,11,Yes,Yes,Fiber optic,No,No,No,Yes,Yes,Yes,One year,No,Mailed check,58.2,638.65,No,2024-02-06,0-1 year,Medium,5,640.2,25.0,Standard
CUST000167,Male,0,No,Yes,66,Yes,No,Fiber optic,No,Yes,Yes,No,No,No,Month-to-month,No,Credit card (automatic),93.51,6421.2,Yes,2019-08-01,4+ years,High,3,6171.66,45.0,Premium
CUST000168,Male,0,Yes,No,47,Yes,Yes,Fiber optic,No,No,Yes,No,Yes,No,Month-to-month,Yes,Mailed check,81.82,3855.71,Yes,2021-02-21,2-4 years,High,4,3845.54,45.0,Standard
CUST000169,Male,0,Yes,Yes,3,Yes,No,Fiber optic,No,No,No,No,No,Yes,One year,No,Credit card (automatic),68.0,219.18,Yes,2024-10-03,0-1 year,High,2,204.0,35.0,Standard
CUST000170,Female,0,Yes,No,30,Yes,No phone service,DSL,Yes,No,No,No,Yes,Yes,Two year,Yes,Electronic check,67.08,1927.45,No,2022-07-16,2-4 years,High,4,2012.4,10.0,Standard
CUST000171,Female,0,No,No,21,Yes,Yes,Fiber optic,Yes,Yes,Yes,No,No,Yes,Month-to-month,Yes,Electronic check,54.34,1046.71,Yes,2023-04-12,1-2 years,Medium,6,1141.14,40.0,Power User
CUST000172,Male,1,No,No,28,Yes,Yes,Fiber optic,Yes,No,No,No,Yes,No,Month-to-month,No,Mailed check,66.44,2022.75,Yes,2022-09-14,2-4 years,High,4,1860.32,40.0,Standard
CUST000173,Female,0,No,No,62,Yes,No,Fiber optic,Yes,Yes,Yes,No,No,No,Two year,Yes,Mailed check,75.88,4589.95,No,2019-11-29,4+ years,High,4,4704.56,15.0,Premium
CUST000174,Male,0,Yes,No,33,Yes,Yes,DSL,No,Yes,No,Yes,Yes,No,Month-to-month,No,Credit card (automatic),59.29,1986.47,Yes,2022-04-17,2-4 years,Medium,5,1956.57,30.0,Standard
CUST000175,Female,0,No,No,35,Yes,No,Fiber optic,No,No,No,No,No,No,Month-to-month,Yes,Credit card (automatic),79.99,2963.15,No,2022-02-16,2-4 years,High,1,2799.65,55.0,Standard
CUST000176,Male,1,No,No,52,Yes,No phone service,DSL,No,No,No,Yes,Yes,Yes,Two year,Yes,Mailed check,90.29,4530.11,No,2020-09-24,4+ years,High,4,4695.08,25.0,Premium
CUST000177,Female,0,No,Yes,34,Yes,No,DSL,Yes,No,Yes,No,No,No,One year,No,Electronic check,40.83,1448.24,Yes,2022-03-18,2-4 years,Medium,3,1388.22,10.0,Standard
CUST000178,Male,0,Yes,No,41,Yes,Yes,DSL,Yes,No,Yes,Yes,Yes,No,Month-to-month,Yes,Credit card (automatic),61.61,2341.82,No,2021-08-20,2-4 years,Medium,6,2526.01,30.0,Power User
CUST000179,Female,1,No,Yes,51,Yes,No,DSL,No,No,Yes,No,Yes,Yes,Month-to-month,No,Bank transfer (automatic),58.56,2861.9,No,2020-10-24,4+ years,Medium,4,2986.56,40.0,Standard
CUST000180,Male,1,No,No,47,Yes,No,No,No internet service,No internet service,No internet service,No internet service,No internet service,No internet service,Month-to-month,Yes,Electronic check,78.12,3410.74,No,2021-02-21,2-4 years,High,1,3671.64,75.0,Standard
CUST000181,Male,0,No,No,58,Yes,Yes,DSL,Yes,Yes,Yes,No,Yes,No,Month-to-month,No,Mailed check,47.49,2925.87,No,2020-03-28,4+ years,Medium,6,2754.42,30.0,Power User
CUST000182,Male,0,Yes,No,57,Yes,No,No,No internet service,No internet service,No internet service,No internet service,No internet service,No internet service,Two year,Yes,Bank transfer (automatic),74.82,4028.17,No,2020-04-27,4+ years,High,1,4264.74,25.0,Premium
CUST000183,Female,0,No,No,23,Yes,No,No,No internet service,No internet service,No internet service,No internet service,No internet service,No internet service,Month-to-month,Yes,Bank transfer (automatic),91.42,2194.09,No,2023-02-11,1-2 years,High,1,2102.66,55.0,Standard
CUST000184,Female,0,No,No,48,Yes,No,Fiber optic,No,Yes,No,Yes,No,No,One year,Yes,Mailed check,59.27,3097.19,No,2021-01-22,2-4 years,Medium,3,2844.96,0.0,Standard
CUST000185,Male,1,Yes,Yes,22,Yes,Yes,DSL,No,Yes,No,No,Yes,No,Two year,Yes,Electronic check,93.77,2074.4,No,2023-03-13,1-2 years,High,4,2062.94,35.0,Standard
CUST000186,Female,0,No,No,17,Yes,No,Fiber optic,Yes,No,No,No,No,Yes,Month-to-month,No,Credit card (automatic),99.52,1705.38,No,2023-08-10,1-2 years,High,3,1691.84,45.0,Standard
CUST000187,Female,0,No,No,69,Yes,Yes,No,No internet service,No internet service,No internet service,No internet service,No internet service,No internet service,Month-to-month,Yes,Bank transfer (automatic),37.43,2562.54,Yes,2019-05-03,4+ years,Medium,2,2582.67,40.0,Standard
CUST000188,Female,0,Yes,No,11,Yes,Yes,Fiber optic,No,Yes,Yes,No,Yes,Yes,Month-to-month,Yes,Mailed check,46.31,491.67,No,2024-02-06,0-1 year,Medium,6,509.41,55.0,Power User
CUST000189,Female,0,Yes,No,15,Yes,No,DSL,No,Yes,No,No,No,No,Two year,Yes,Electronic check,96.53,1440.9,No,2023-10-09,1-2 years,High,2,1447.95,35.0,Standard
CUST000190,Male,0,No,No,35,Yes,No,Fiber optic,No,No,No,No,No,Yes,Two year,Yes,Bank transfer (automatic),97.08,3467.66,No,2022-02-16,2-4 years,High,2,3397.8,25.0,Standard
CUST000191,Male,0,Yes,Yes,33,Yes,Yes,No,No internet service,No internet service,No internet service,No internet service,No internet service,No internet service,Month-to-month,No,Electronic check,36.84,1333.89,No,2022-04-17,2-4 years,Medium,2,1215.72,50.0,Standard
CUST000192,Female,0,No,No,16,Yes,Yes,No,No internet service,No internet service,No internet service,No internet service,No internet service,No internet service,One year,No,Electronic check,31.05,540.3,No,2023-09-09,1-2 years,Low,2,496.8,20.0,Standard
CUST000193,Female,0,Yes,No,34,Yes,Yes,DSL,No,No,Yes,Yes,No,No,One year,Yes,Mailed check,41.28,1505.18,Yes,2022-03-18,2-4 years,Medium,4,1403.52,0.0,Standard
CUST000194,Female,0,No,Yes,66,Yes,Yes,Fiber optic,Yes,No,Yes,Yes,Yes,Yes,Two year,No,Electronic check,99.72,7093.73,No,2019-08-01,4+ years,High,7,6581.52,25.0,Power User
CUST000195,Male,0,Yes,No,40,Yes,Yes,DSL,No,No,No,No,Yes,No,Month-to-month,Yes,Bank transfer (automatic),42.6,1693.04,Yes,2021-09-19,2-4 years,Medium,3,1704.0,30.0,Standard
CUST000196,Male,0,No,Yes,28,Yes,Yes,DSL,No,Yes,Yes,No,Yes,No,Month-to-month,Yes,Electronic check,65.18,1882.51,Yes,2022-09-14,2-4 years,High,5,1825.04,40.0,Standard
CUST000197,Female,0,No,Yes,47,No,No phone service,No,No internet service,No internet service,No internet service,No internet service,No internet service,No internet service,Two year,No,Bank transfer (automatic),89.39,4533.29,No,2021-02-21,2-4 years,High,0,4201.33,25.0,Standard
CUST000198,Female,0,No,Yes,39,Yes,No,DSL,No,No,No,Yes,No,No,Month-to-month,Yes,Electronic check,31.43,1199.53,Yes,2021-10-19,2-4 years,Low,2,1225.77,50.0,Standard
CUST000199,Female,0,No,No,70,No,No phone service,DSL,No,No,No,No,No,Yes,Month-to-month,No,Electronic check,72.31,5529.16,Yes,2019-04-03,4+ years,High,1,5061.7,65.0,Premium
CUST000200,Female,0,Yes,No,20,Yes,No,DSL,No,Yes,No,No,No,No,Month-to-month,No,Electronic check,49.39,971.16,No,2023-05-12,1-2 years,Medium,2,987.8,50.0,Standard
CUST000201,Female,0,No,No,1,Yes,Yes,No,No internet service,No internet service,No internet service,No internet service,No internet service,No internet service,Month-to-month,Yes,Credit card (automatic),90.36,92.19,Yes,2024-12-02,0-1 year,High,2,90.36,80.0,Standard
CUST000202,Male,0,Yes,No,72,Yes,No phone service,No,No internet service,No internet service,No internet service,No internet service,No internet service,No internet service,Month-to-month,No,Credit card (automatic),49.84,3739.06,Yes,2019-02-02,4+ years,Medium,1,3588.48,40.0,Standard
CUST000203,Male,0,Yes,No,63,Yes,No,Fiber optic,Yes,No,No,Yes,Yes,No,Two year,No,Electronic check,78.07,5361.65,No,2019-10-30,4+ years,High,4,4918.41,25.0,Premium
CUST000204,Female,0,Yes,No,67,Yes,No,No,No internet service,No internet service,No internet service,No internet service,No internet service,No internet service,Month-to-month,Yes,Bank transfer (automatic),77.2,4908.21,Yes,2019-07-02,4+ years,High,1,5172.4,55.0,Premium
CUST000205,Female,0,Yes,No,4,Yes,No,DSL,Yes,Yes,No,No,No,Yes,Month-to-month,No,Bank transfer (automatic),45.5,190.96,Yes,2024-09-03,0-1 year,Medium,4,182.0,55.0,Standard
CUST000206,Male,1,No,Yes,58,Yes,No phone service,Fiber optic,No,No,Yes,Yes,No,No,One year,Yes,Credit card (automatic),32.44,1889.35,Yes,2020-03-28,4+ years,Low,3,1881.52,10.0,Standard
CUST000207,Male,0,No,No,25,Yes,No,Fiber optic,No,No,Yes,Yes,Yes,No,Month-to-month,No,Mailed check,58.65,1398.38,No,2022-12-13,2-4 years,Medium,4,1466.25,30.0,Standard
CUST000208,Female,0,Yes,Yes,47,Yes,Yes,DSL,No,Yes,No,Yes,Yes,No,Month-to-month,No,Bank transfer (automatic),50.24,2491.91,Yes,2021-02-21,2-4 years,Medium,5,2361.28,30.0,Standard
CUST000209,Male,0,Yes,No,38,Yes,No,Fiber optic,Yes,No,No,Yes,Yes,Yes,One year,Yes,Electronic check,86.63,3326.32,Yes,2021-11-18,2-4 years,High,5,3291.94,25.0,Standard
CUST000210,Male,0,No,No,15,No,No phone service,No,No internet service,No internet service,No internet service,No internet service,No internet service,No internet service,Two year,Yes,Mailed check,86.03,1332.0,No,2023-10-09,1-2 years,High,0,1290.45,25.0,Standard
CUST000211,Female,0,Yes,Yes,63,Yes,No,DSL,No,No,Yes,No,No,No,One year,No,Credit card (automatic),61.99,3767.04,Yes,2019-10-30,4+ years,Medium,2,3905.37,10.0,Standard
CUST000212,Female,0,Yes,Yes,21,No,No phone service,DSL,No,No,No,Yes,No,Yes,One year,Yes,Mailed check,72.46,1515.96,No,2023-04-12,1-2 years,High,2,1521.66,25.0,Standard
CUST000213,Female,0,Yes,No,57,Yes,Yes,DSL,No,No,No,Yes,No,No,Month-to-month,Yes,Electronic check,72.3,4217.83,Yes,2020-04-27,4+ years,High,3,4121.1,55.0,Premium
CUST000214,Male,0,No,No,53,Yes,Yes,DSL,No,No,No,No,No,No,Two year,Yes,Electronic check,87.9,4570.1,No,2020-08-25,4+ years,High,2,4658.7,35.0,Premium
CUST000215,Female,0,No,Yes,46,Yes,No phone service,No,No internet service,No internet service,No internet service,No internet service,No internet service,No internet service,Month-to-month,Yes,Bank transfer (automatic),59.75,2582.7,No,2021-03-23,2-4 years,Medium,1,2748.5,40.0,Standard
CUST000216,Male,1,Yes,No,14,Yes,No,Fiber optic,Yes,No,No,No,Yes,No,One year,Yes,Bank transfer (automatic),49.28,753.62,Yes,2023-11-08,1-2 years,Medium,3,689.92,10.0,Standard
CUST000217,Male,0,Yes,Yes,17,Yes,No,Fiber optic,No,Yes,No,No,No,No,Month-to-month,Yes,Mailed check,48.55,827.24,Yes,2023-08-10,1-2 years,Medium,2,825.35,40.0,Standard
CUST000218,Female,1,No,No,39,Yes,Yes,No,No internet service,No internet service,No internet service,No internet service,No internet service,No internet service,Two year,Yes,Credit card (automatic),67.53,2756.88,No,2021-10-19,2-4 years,High,2,2633.67,20.0,Standard
CUST000219,Female,0,No,No,9,Yes,Yes,DSL,No,No,No,Yes,Yes,No,One year,No,Electronic check,61.44,543.12,No,2024-04-06,0-1 year,Medium,4,552.96,35.0,Standard
CUST000220,Female,0,Yes,Yes,6,No,No phone service,Fiber optic,Yes,No,No,Yes,No,No,One year,Yes,Electronic check,60.81,354.29,No,2024-07-05,0-1 year,Medium,2,364.86,45.0,Standard
CUST000221,Female,1,No,Yes,23,Yes,No,Fiber optic,No,Yes,No,No,No,No,Month-to-month,Yes,Credit card (automatic),36.38,821.2,Yes,2023-02-11,1-2 years,Medium,2,836.74,50.0,Standard
CUST000222,Female,0,Yes,Yes,59,Yes,No,Fiber optic,No,No,No,No,No,No,Month-to-month,Yes,Electronic check,80.3,4651.66,Yes,2020-02-27,4+ years,High,1,4737.7,65.0,Premium
CUST000223,Male,0,Yes,No,46,Yes,No,No,No internet service,No internet service,No internet service,No internet service,No internet service,No internet service,One year,Yes,Electronic check,44.96,2086.43,Yes,2021-03-23,2-4 years,Medium,1,2068.16,20.0,Standard
CUST000224,Male,0,No,Yes,38,Yes,No,No,No internet service,No internet service,No internet service,No internet service,No internet service,No internet service,One year,Yes,Mailed check,43.79,1678.49,No,2021-11-18,2-4 years,Medium,1,1664.02,10.0,Standard
CUST000225,Male,0,Yes,No,14,Yes,Yes,Fiber optic,Yes,No,Yes,No,No,No,Month-to-month,Yes,Credit card (automatic),58.89,823.99,Yes,2023-11-08,1-2 years,Medium,4,824.46,30.0,Standard
CUST000226,Male,1,No,Yes,72,Yes,No,No,No internet service,No internet service,No internet service,No internet service,No internet service,No internet service,Two year,Yes,Electronic check,45.94,3066.08,No,2019-02-02,4+ years,Medium,1,3307.68,30.0,Standard
CUST000227,Female,0,Yes,No,62,Yes,No,DSL,No,No,No,No,Yes,Yes,Two year,No,Credit card (automatic),70.87,4390.49,No,2019-11-29,4+ years,High,3,4393.94,15.0,Premium
CUST000228,Male,0,Yes,No,35,Yes,No,DSL,Yes,No,No,Yes,Yes,Yes,Month-to-month,No,Bank transfer (automatic),56.0,1830.29,No,2022-02-16,2-4 years,Medium,5,1960.0,30.0,Standard
CUST000229,Female,0,No,No,19,Yes,No,DSL,Yes,Yes,Yes,Yes,Yes,No,Two year,No,Electronic check,61.42,1079.72,No,2023-06-11,1-2 years,Medium,6,1166.98,10.0,Power User
CUST000230,Female,0,Yes,No,30,Yes,No phone service,DSL,No,No,Yes,No,No,Yes,Month-to-month,No,Bank transfer (automatic),67.6,2203.48,No,2022-07-16,2-4 years,High,3,2028.0,30.0,Standard
CUST000231,Female,0,No,No,25,Yes,Yes,Fiber optic,No,No,No,No,No,Yes,Month-to-month,No,Mailed check,44.25,1129.47,Yes,2022-12-13,2-4 years,Medium,3,1106.25,30.0,Standard
CUST000232,Male,0,Yes,No,40,Yes,No,Fiber optic,No,Yes,No,No,Yes,Yes,Month-to-month,Yes,Mailed check,40.9,1688.19,No,2021-09-19,2-4 years,Medium,4,1636.0,30.0,Standard
CUST000233,Female,0,Yes,No,14,Yes,Yes,No,No internet service,No internet service,No internet service,No internet service,No internet service,No internet service,One year,No,Bank transfer (automatic),91.63,1257.62,No,2023-11-08,1-2 years,High,2,1282.82,25.0,Standard
CUST000234,Male,0,Yes,No,26,Yes,No,Fiber optic,No,No,No,Yes,Yes,No,One year,Yes,Credit card (automatic),60.36,1697.73,No,2022-11-13,2-4 years,Medium,3,1569.36,0.0,Standard
CUST000235,Male,0,No,Yes,22,Yes,Yes,Fiber optic,Yes,No,Yes,Yes,Yes,No,Month-to-month,No,Electronic check,58.85,1330.42,Yes,2023-03-13,1-2 years,Medium,6,1294.7,40.0,Power User
CUST000236,Female,1,Yes,No,48,Yes,Yes,DSL,No,No,Yes,No,Yes,Yes,One year,No,Mailed check,32.49,1643.48,Yes,2021-01-22,2-4 years,Low,5,1559.52,10.0,Standard
CUST000237,Male,0,No,No,51,Yes,No,DSL,No,No,No,No,Yes,No,One year,Yes,Mailed check,64.86,3220.9,Yes,2020-10-24,4+ years,Medium,2,3307.86,10.0,Standard
CUST000238,Male,0,Yes,Yes,3,Yes,Yes,Fiber optic,No,No,Yes,No,Yes,No,One year,Yes,Mailed check,68.79,225.36,Yes,2024-10-03,0-1 year,High,4,206.37,25.0,Standard
CUST000239,Female,0,No,No,42,Yes,No,Fiber optic,No,No,No,No,No,No,Month-to-month,Yes,Mailed check,69.12,3089.1,No,2021-07-21,2-4 years,High,1,2903.04,40.0,Standard
CUST000240,Male,0,Yes,No,19,Yes,No phone service,No,No internet service,No internet service,No internet service,No internet service,No internet service,No internet service,Two year,No,Electronic check,79.49,1617.22,Yes,2023-06-11,1-2 years,High,1,1510.31,35.0,Standard
CUST000241,Female,0,No,No,28,Yes,Yes,DSL,Yes,No,Yes,No,No,No,Month-to-month,No,Bank transfer (automatic),42.42,1109.89,Yes,2022-09-14,2-4 years,Medium,4,1187.76,30.0,Standard
CUST000242,Female,0,No,No,45,Yes,No,DSL,No,No,Yes,Yes,Yes,Yes,Month-to-month,No,Mailed check,47.66,2046.46,No,2021-04-22,2-4 years,Medium,5,2144.7,30.0,Standard
CUST000243,Female,0,No,No,71,Yes,No,Fiber optic,Yes,No,No,No,Yes,Yes,Month-to-month,Yes,Electronic check,86.75,5895.17,No,2019-03-04,4+ years,High,4,6159.25,55.0,Premium
CUST000244,Male,0,No,Yes,63,Yes,No,DSL,Yes,No,No,No,Yes,Yes,Month-to-month,No,Credit card (automatic),96.3,5788.93,Yes,2019-10-30,4+ years,High,4,6066.9,45.0,Premium
CUST000245,Male,0,No,No,19,Yes,Yes,DSL,No,No,No,Yes,No,No,Two year,Yes,Credit card (automatic),39.52,804.25,No,2023-06-11,1-2 years,Medium,3,750.88,0.0,Standard
CUST000246,Female,1,No,No,47,Yes,Yes,Fiber optic,No,No,Yes,No,Yes,Yes,Month-to-month,No,Mailed check,64.84,2762.17,Yes,2021-02-21,2-4 years,Medium,5,3047.48,40.0,Standard
CUST000247,Male,0,Yes,Yes,14,Yes,Yes,DSL,No,Yes,Yes,No,No,Yes,One year,Yes,Electronic check,44.99,576.46,Yes,2023-11-08,1-2 years,Medium,5,629.86,10.0,Standard
CUST000248,Female,0,Yes,Yes,38,Yes,Yes,Fiber optic,No,No,No,No,No,Yes,Month-to-month,Yes,Bank transfer (automatic),34.21,1241.2,Yes,2021-11-18,2-4 years,Low,3,1299.98,30.0,Standard
CUST000249,Female,1,No,No,53,Yes,Yes,DSL,No,No,No,Yes,No,No,Month-to-month,Yes,Electronic check,52.79,2629.93,Yes,2020-08-25,4+ years,Medium,3,2797.87,50.0,Standard
CUST000250,Female,0,No,Yes,61,Yes,No,DSL,No,Yes,No,No,No,No,Two year,No,Electronic check,40.06,2312.61,No,2019-12-29,4+ years,Medium,2,2443.66,20.0,Standard
CUST000251,Male,0,No,No,36,Yes,No,Fiber optic,No,No,Yes,Yes,Yes,Yes,One year,No,Bank transfer (automatic),79.7,3040.17,Yes,2022-01-17,2-4 years,High,5,2869.2,15.0,Standard
CUST000252,Male,1,Yes,Yes,40,Yes,No,No,No internet service,No internet service,No internet service,No internet service,No internet service,No internet service,Month-to-month,Yes,Electronic check,67.36,2728.42,Yes,2021-09-19,2-4 years,High,1,2694.4,60.0,Standard
CUST000253,Female,0,Yes,Yes,30,Yes,No,Fiber optic,No,No,No,Yes,Yes,No,Month-to-month,Yes,Electronic check,40.07,1083.28,Yes,2022-07-16,2-4 years,Medium,3,1202.1,40.0,Standard
CUST000254,Male,0,Yes,Yes,9,Yes,Yes,No,No internet service,No internet service,No internet service,No internet service,No internet service,No internet service,Month-to-month,No,Electronic check,30.65,271.95,Yes,2024-04-06,0-1 year,Low,2,275.85,75.0,Entry
CUST000255,Male,0,No,No,64,Yes,Yes,DSL,No,Yes,No,No,Yes,Yes,Month-to-month,Yes,Electronic check,86.57,5438.41,Yes,2019-09-30,4+ years,High,5,5540.48,55.0,Premium
CUST000256,Female,0,Yes,No,33,Yes,Yes,No,No internet service,No internet service,No internet service,No internet service,No internet service,No internet service,One year,No,Electronic check,42.33,1289.03,No,2022-04-17,2-4 years,Medium,2,1396.89,20.0,Standard
CUST000257,Female,0,Yes,No,52,Yes,Yes,DSL,No,Yes,No,Yes,No,Yes,One year,Yes,Credit card (automatic),72.44,3899.58,No,2020-09-24,4+ years,High,5,3766.88,15.0,Premium
CUST000258,Female,0,Yes,No,14,Yes,No,Fiber optic,Yes,No,No,Yes,Yes,No,Month-to-month,Yes,Electronic check,53.58,780.44,No,2023-11-08,1-2 years,Medium,4,750.12,40.0,Standard
CUST000259,Female,1,Yes,Yes,53,Yes,No,Fiber optic,No,No,No,No,No,Yes,Two year,No,Electronic check,70.98,3928.14,No,2020-08-25,4+ years,High,2,3761.94,45.0,Premium
CUST000260,Male,0,No,No,59,Yes,Yes,No,No internet service,No internet service,No internet service,No internet service,No internet service,No internet service,One year,No,Electronic check,52.1,3214.36,No,2020-02-27,4+ years,Medium,2,3073.9,20.0,Standard
CUST000261,Female,0,Yes,No,41,Yes,Yes,Fiber optic,No,Yes,No,No,Yes,Yes,Month-to-month,Yes,Credit card (automatic),36.09,1331.74,Yes,2021-08-20,2-4 years,Medium,5,1479.69,30.0,Standard
CUST000262,Female,0,No,No,68,Yes,No,DSL,No,No,No,Yes,Yes,No,Month-to-month,Yes,Mailed check,45.61,3383.05,Yes,2019-06-02,4+ years,Medium,3,3101.48,30.0,Standard
CUST000263,Male,0,Yes,Yes,68,Yes,No,DSL,No,No,Yes,No,Yes,Yes,One year,No,Mailed check,43.16,3119.31,No,2019-06-02,4+ years,Medium,4,2934.88,0.0,Standard
CUST000264,Female,0,Yes,No,8,Yes,Yes,No,No internet service,No internet service,No internet service,No internet service,No internet service,No internet service,One year,Yes,Credit card (automatic),59.96,518.44,No,2024-05-06,0-1 year,Medium,2,479.68,35.0,Standard
CUST000265,Female,0,Yes,Yes,2,Yes,No phone service,Fiber optic,No,No,No,Yes,No,Yes,Month-to-month,No,Mailed check,76.08,137.42,Yes,2024-11-02,0-1 year,High,3,152.16,70.0,Standard
CUST000266,Female,0,Yes,No,41,Yes,No phone service,No,No internet service,No internet service,No internet service,No internet service,No internet service,No internet service,Month-to-month,Yes,Electronic check,48.47,2159.71,Yes,2021-08-20,2-4 years,Medium,1,1987.27,50.0,Standard
CUST000267,Female,0,Yes,No,55,Yes,Yes,DSL,No,No,No,No,No,No,Month-to-month,Yes,Electronic check,30.84,1801.29,No,2020-06-26,4+ years,Low,2,1696.2,50.0,Standard
CUST000268,Female,1,Yes,No,16,No,No phone service,DSL,No,No,Yes,No,No,No,Two year,No,Mailed check,66.33,1132.86,No,2023-09-09,1-2 years,High,1,1061.28,20.0,Standard
CUST000269,Male,0,No,No,62,Yes,No,DSL,Yes,No,No,No,Yes,No,Month-to-month,No,Electronic check,72.4,4123.67,Yes,2019-11-29,4+ years,High,3,4488.8,55.0,Premium
CUST000270,Male,0,Yes,No,48,Yes,No phone service,No,No internet service,No internet service,No internet service,No internet service,No internet service,No internet service,Month-to-month,Yes,Bank transfer (automatic),97.4,4898.47,Yes,2021-01-22,2-4 years,High,1,4675.2,55.0,Standard
CUST000271,Female,0,No,No,30,Yes,No,Fiber optic,Yes,No,Yes,No,No,Yes,One year,No,Electronic check,71.26,2334.44,No,2022-07-16,2-4 years,High,4,2137.8,25.0,Standard
CUST000272,Female,1,No,No,12,Yes,Yes,No,No internet service,No internet service,No internet service,No internet service,No internet service,No internet service,Two year,Yes,Mailed check,62.98,782.75,No,2024-01-07,0-1 year,Medium,2,755.76,20.0,Standard
CUST000273,Female,0,No,No,35,Yes,Yes,DSL,No,No,Yes,Yes,Yes,Yes,Two year,Yes,Electronic check,70.14,2489.54,No,2022-02-16,2-4 years,High,6,2454.9,25.0,Power User
CUST000274,Female,0,Yes,No,11,Yes,No,Fiber optic,No,Yes,Yes,Yes,No,No,Month-to-month,No,Electronic check,94.95,1137.54,Yes,2024-02-06,0-1 year,High,4,1044.45,80.0,Standard
CUST000275,Female,0,Yes,No,64,No,No phone service,Fiber optic,Yes,Yes,No,No,No,No,Month-to-month,No,Mailed check,87.99,5567.09,Yes,2019-09-30,4+ years,High,2,5631.36,55.0,Premium
CUST000276,Male,0,Yes,No,50,Yes,Yes,DSL,Yes,No,No,No,No,Yes,Month-to-month,No,Credit card (automatic),52.61,2682.74,No,2020-11-23,4+ years,Medium,4,2630.5,30.0,Standard
CUST000277,Female,0,Yes,No,21,Yes,No,No,No internet service,No internet service,No internet service,No internet service,No internet service,No internet service,Month-to-month,Yes,Mailed check,46.61,974.18,No,2023-04-12,1-2 years,Medium,1,978.81,40.0,Standard
CUST000278,Female,0,No,No,69,Yes,No,No,No internet service,No internet service,No internet service,No internet service,No internet service,No internet service,Two year,Yes,Bank transfer (automatic),48.38,3627.21,No,2019-05-03,4+ years,Medium,1,3338.22,10.0,Standard
CUST000279,Female,0,Yes,Yes,48,Yes,No,No,No internet service,No internet service,No internet service,No internet service,No internet service,No internet service,Month-to-month,Yes,Electronic check,65.31,2869.1,Yes,2021-01-22,2-4 years,High,1,3134.88,50.0,Standard
CUST000280,Female,0,Yes,No,20,Yes,No,Fiber optic,No,No,No,No,Yes,No,Month-to-month,Yes,Electronic check,82.08,1641.97,Yes,2023-05-12,1-2 years,High,2,1641.6,65.0,Standard
CUST000281,Female,0,No,Yes,67,Yes,No,DSL,No,Yes,No,Yes,Yes,No,Month-to-month,No,Electronic check,65.23,4533.82,Yes,2019-07-02,4+ years,High,4,4370.41,40.0,Standard
CUST000282,Male,0,No,No,44,Yes,No,DSL,Yes,No,No,No,No,No,Month-to-month,Yes,Electronic check,34.75,1618.27,Yes,2021-05-22,2-4 years,Low,2,1529.0,50.0,Standard
CUST000283,Male,0,No,No,33,Yes,No,No,No internet service,No internet service,No internet service,No internet service,No internet service,No internet service,One year,No,Electronic check,80.65,2705.64,No,2022-04-17,2-4 years,High,1,2661.45,35.0,Standard
CUST000284,Male,0,Yes,No,61,Yes,Yes,DSL,Yes,No,No,Yes,No,Yes,Month-to-month,Yes,Electronic check,86.42,5702.75,Yes,2019-12-29,4+ years,High,5,5271.62,55.0,Premium
CUST000285,Female,0,Yes,No,9,Yes,No,Fiber optic,No,No,Yes,No,Yes,Yes,Month-to-month,Yes,Bank transfer (automatic),50.26,492.33,No,2024-04-06,0-1 year,Medium,4,452.34,55.0,Standard
CUST000286,Male,1,Yes,No,68,Yes,Yes,Fiber optic,No,Yes,Yes,No,No,No,Month-to-month,Yes,Electronic check,76.49,4748.1,Yes,2019-06-02,4+ years,High,4,5201.32,65.0,Premium
CUST000287,Male,0,Yes,No,35,Yes,No,Fiber optic,Yes,No,No,No,Yes,No,Month-to-month,Yes,Mailed check,59.86,2054.19,Yes,2022-02-16,2-4 years,Medium,3,2095.1,30.0,Standard
CUST000288,Female,0,Yes,No,65,Yes,Yes,No,No internet service,No internet service,No internet service,No internet service,No internet service,No internet service,Month-to-month,Yes,Mailed check,92.24,5424.17,Yes,2019-08-31,4+ years,High,2,5995.6,55.0,Premium
CUST000289,Male,0,Yes,Yes,8,Yes,Yes,DSL,No,Yes,No,No,No,No,One year,No,Mailed check,89.17,689.02,Yes,2024-05-06,0-1 year,High,3,713.36,40.0,Standard
CUST000290,Female,1,Yes,No,45,Yes,Yes,DSL,Yes,No,No,Yes,Yes,Yes,One year,Yes,Mailed check,66.78,3027.26,Yes,2021-04-22,2-4 years,High,6,3005.1,10.0,Power User
CUST000291,Male,0,Yes,Yes,47,No,No phone service,DSL,No,No,No,No,Yes,No,One year,No,Electronic check,78.41,3988.05,Yes,2021-02-21,2-4 years,High,1,3685.27,35.0,Standard
CUST000292,Male,0,Yes,No,40,Yes,No,Fiber optic,No,No,Yes,Yes,Yes,Yes,Two year,Yes,Electronic check,91.83,3927.79,No,2021-09-19,2-4 years,High,5,3673.2,25.0,Standard
CUST000293,Female,0,No,No,54,Yes,No,DSL,Yes,No,Yes,Yes,Yes,Yes,Two year,No,Bank transfer (automatic),64.7,3233.51,No,2020-07-26,4+ years,Medium,6,3493.8,0.0,Power User
CUST000294,Male,0,No,No,46,Yes,No,DSL,No,Yes,Yes,Yes,No,No,Two year,Yes,Credit card (automatic),51.93,2194.35,No,2021-03-23,2-4 years,Medium,4,2388.78,0.0,Standard
CUST000295,Male,0,No,Yes,47,Yes,Yes,No,No internet service,No internet service,No internet service,No internet service,No internet service,No internet service,Month-to-month,No,Electronic check,82.76,3959.16,Yes,2021-02-21,2-4 years,High,2,3889.72,65.0,Standard
CUST000296,Female,1,Yes,Yes,15,Yes,Yes,No,No internet service,No internet service,No internet service,No internet service,No internet service,No internet service,Month-to-month,Yes,Electronic check,45.4,685.37,No,2023-10-09,1-2 years,Medium,2,681.0,60.0,Standard
CUST000297,Female,1,Yes,No,19,Yes,Yes,DSL,No,No,No,Yes,Yes,No,Month-to-month,No,Credit card (automatic),57.2,1036.02,No,2023-06-11,1-2 years,Medium,4,1086.8,40.0,Standard
CUST000298,Male,0,Yes,Yes,26,Yes,Yes,Fiber optic,No,Yes,No,Yes,Yes,No,Two year,No,Electronic check,90.6,2543.79,No,2022-11-13,2-4 years,High,5,2355.6,25.0,Standard
CUST000299,Female,0,No,Yes,52,Yes,No,No,No internet service,No internet service,No internet service,No internet service,No internet service,No internet service,Two year,Yes,Mailed check,80.71,4555.64,No,2020-09-24,4+ years,High,1,4196.92,25.0,Premium
CUST000300,Male,1,No,Yes,22,Yes,Yes,DSL,No,No,No,Yes,Yes,Yes,Two year,Yes,Mailed check,58.27,1256.97,No,2023-03-13,1-2 years,Medium,5,1281.94,10.0,Standard
CUST000301,Male,0,Yes,No,21,Yes,Yes,DSL,No,No,No,Yes,No,Yes,Month-to-month,Yes,Electronic check,45.03,1019.45,Yes,2023-04-12,1-2 years,Medium,4,945.63,40.0,Standard
CUST000302,Female,0,No,No,51,Yes,Yes,DSL,No,No,Yes,Yes,No,No,Two year,No,Mailed check,54.92,2735.91,No,2020-10-24,4+ years,Medium,4,2800.92,0.0,Standard
CUST000303,Female,0,Yes,No,38,Yes,Yes,Fiber optic,Yes,Yes,No,No,Yes,No,Month-to-month,Yes,Mailed check,49.89,1985.61,Yes,2021-11-18,2-4 years,Medium,5,1895.82,30.0,Standard
CUST000304,Female,0,No,Yes,20,Yes,No,DSL,No,Yes,No,No,No,No,Month-to-month,Yes,Electronic check,42.33,842.53,Yes,2023-05-12,1-2 years,Medium,2,846.6,50.0,Standard
CUST000305,Female,0,No,No,29,Yes,No,No,No internet service,No internet service,No internet service,No internet service,No internet service,No internet service,Month-to-month,Yes,Mailed check,82.03,2199.3,No,2022-08-15,2-4 years,High,1,2378.87,55.0,Standard
CUST000306,Female,0,No,No,51,Yes,Yes,Fiber optic,No,No,No,No,No,No,Month-to-month,Yes,Bank transfer (automatic),47.64,2637.59,Yes,2020-10-24,4+ years,Medium,2,2429.64,40.0,Standard
CUST000307,Female,1,No,No,4,No,No phone service,Fiber optic,No,No,No,No,Yes,Yes,Month-to-month,No,Mailed check,61.79,244.89,Yes,2024-09-03,0-1 year,Medium,2,247.16,75.0,Standard
CUST000308,Male,1,No,Yes,55,No,No phone service,DSL,Yes,No,No,No,Yes,Yes,Month-to-month,Yes,Electronic check,57.01,3282.6,No,2020-06-26,4+ years,Medium,3,3135.55,50.0,Standard
CUST000309,Female,0,Yes,Yes,71,Yes,Yes,Fiber optic,No,Yes,Yes,No,No,No,Month-to-month,No,Mailed check,98.75,6824.99,Yes,2019-03-04,4+ years,High,4,7011.25,45.0,Premium
CUST000310,Male,0,No,Yes,28,No,No phone service,Fiber optic,Yes,No,No,No,No,No,One year,No,Bank transfer (automatic),57.38,1452.04,No,2022-09-14,2-4 years,Medium,1,1606.64,10.0,Standard
CUST000311,Male,1,Yes,No,4,Yes,No phone service,No,No internet service,No internet service,No internet service,No internet service,No internet service,No internet service,Two year,Yes,Bank transfer (automatic),35.6,131.02,Yes,2024-09-03,0-1 year,Medium,1,142.4,45.0,Entry
CUST000312,Male,0,No,No,22,No,No phone service,No,No internet service,No internet service,No internet service,No internet service,No internet service,No internet service,One year,No,Bank transfer (automatic),36.29,797.78,No,2023-03-13,1-2 years,Medium,0,798.38,10.0,Standard
CUST000313,Male,0,No,Yes,45,Yes,No,Fiber optic,No,No,No,No,No,No,Month-to-month,Yes,Electronic check,71.35,3332.74,No,2021-04-22,2-4 years,High,1,3210.75,65.0,Standard
CUST000314,Female,1,No,Yes,67,Yes,No,No,No internet service,No internet service,No internet service,No internet service,No internet service,No internet service,Two year,No,Bank transfer (automatic),71.96,4661.96,Yes,2019-07-02,4+ years,High,1,4821.32,35.0,Premium
CUST000315,Female,1,Yes,Yes,66,Yes,No,No,No internet service,No internet service,No internet service,No internet service,No internet service,No internet service,Two year,Yes,Bank transfer (automatic),59.31,4067.51,Yes,2019-08-01,4+ years,Medium,1,3914.46,20.0,Standard
CUST000316,Female,0,No,No,34,Yes,No,No,No internet service,No internet service,No internet service,No internet service,No internet service,No internet service,Month-to-month,No,Electronic check,60.23,2129.17,No,2022-03-18,2-4 years,Medium,1,2047.82,50.0,Standard
CUST000317,Male,0,No,Yes,55,Yes,No,DSL,No,No,No,No,No,No,Month-to-month,Yes,Mailed check,33.78,1933.68,No,2020-06-26,4+ years,Low,1,1857.9,40.0,Standard
CUST000318,Male,0,No,No,1,Yes,No,DSL,No,Yes,No,Yes,No,No,Month-to-month,Yes,Electronic check,66.16,66.06,Yes,2024-12-02,0-1 year,High,3,66.16,65.0,Standard
CUST000319,Male,0,Yes,No,72,Yes,Yes,DSL,No,Yes,No,No,No,No,Month-to-month,Yes,Bank transfer (automatic),65.33,5094.06,No,2019-02-02,4+ years,High,3,4703.76,30.0,Standard
CUST000320,Male,0,Yes,No,38,Yes,No,Fiber optic,Yes,Yes,No,No,Yes,No,One year,Yes,Electronic check,40.47,1534.54,No,2021-11-18,2-4 years,Medium,4,1537.86,10.0,Standard
CUST000321,Female,0,Yes,Yes,6,Yes,No,Fiber optic,Yes,Yes,No,No,No,Yes,Two year,No,Mailed check,37.27,221.4,No,2024-07-05,0-1 year,Medium,4,223.62,25.0,Entry
CUST000322,Female,0,Yes,Yes,25,Yes,No,Fiber optic,No,No,No,No,No,No,Month-to-month,Yes,Credit card (automatic),38.65,908.16,Yes,2022-12-13,2-4 years,Medium,1,966.25,40.0,Standard
CUST000323,Female,0,No,No,17,Yes,No,No,No internet service,No internet service,No internet service,No internet service,No internet service,No internet service,Two year,No,Bank transfer (automatic),37.07,605.95,No,2023-08-10,1-2 years,Medium,1,630.19,10.0,Standard
CUST000324,Male,0,Yes,No,61,Yes,No,No,No internet service,No internet service,No internet service,No internet service,No internet service,No internet service,Two year,Yes,Credit card (automatic),72.68,4027.67,No,2019-12-29,4+ years,High,1,4433.48,25.0,Premium
CUST000325,Female,0,No,No,12,Yes,Yes,No,No internet service,No internet service,No internet service,No internet service,No internet service,No internet service,Two year,No,Credit card (automatic),43.75,539.02,No,2024-01-07,0-1 year,Medium,2,525.0,10.0,Standard
CUST000326,Female,1,Yes,No,6,Yes,No,DSL,No,No,No,Yes,Yes,Yes,Month-to-month,Yes,Electronic check,47.6,271.24,Yes,2024-07-05,0-1 year,Medium,4,285.6,75.0,Standard
CUST000327,Female,0,Yes,Yes,27,Yes,Yes,Fiber optic,No,No,Yes,No,Yes,Yes,Two year,Yes,Bank transfer (automatic),42.15,1093.47,No,2022-10-14,2-4 years,Medium,5,1138.05,0.0,Standard
CUST000328,Female,0,No,No,8,No,No phone service,DSL,Yes,No,No,No,No,Yes,Month-to-month,Yes,Mailed check,97.05,818.45,Yes,2024-05-06,0-1 year,High,2,776.4,80.0,Standard
CUST000329,Male,0,No,No,65,Yes,Yes,DSL,No,No,No,No,No,No,One year,No,Credit card (automatic),89.82,5636.55,Yes,2019-08-31,4+ years,High,2,5838.3,25.0,Premium
CUST000330,Male,0,Yes,Yes,57,Yes,No,DSL,No,Yes,Yes,No,No,No,Month-to-month,Yes,Electronic check,46.13,2493.84,Yes,2020-04-27,4+ years,Medium,3,2629.41,40.0,Standard
CUST000331,Male,0,No,No,40,Yes,Yes,DSL,No,No,No,No,No,No,Month-to-month,No,Credit card (automatic),52.93,1977.07,No,2021-09-19,2-4 years,Medium,2,2117.2,40.0,Standard
CUST000332,Female,0,No,No,14,Yes,Yes,Fiber optic,No,No,No,No,No,No,One year,No,Bank transfer (automatic),44.69,660.05,Yes,2023-11-08,1-2 years,Medium,2,625.66,10.0,Standard
CUST000333,Male,0,Yes,No,35,Yes,No,No,No internet service,No internet service,No internet service,No internet service,No internet service,No internet service,Month-to-month,Yes,Bank transfer (automatic),64.43,2088.04,No,2022-02-16,2-4 years,Medium,1,2255.05,40.0,Standard
CUST000334,Male,0,No,No,48,Yes,Yes,DSL,Yes,No,Yes,No,Yes,Yes,Month-to-month,No,Electronic check,31.37,1491.83,No,2021-01-22,2-4 years,Low,6,1505.76,40.0,Power User
CUST000335,Male,0,No,No,56,Yes,No,Fiber optic,No,No,No,No,No,Yes,Month-to-month,Yes,Electronic check,77.0,4317.98,Yes,2020-05-27,4+ years,High,2,4312.0,65.0,Premium
CUST000336,Male,0,No,No,49,Yes,No,Fiber optic,No,No,No,No,Yes,Yes,One year,Yes,Bank transfer (automatic),66.62,3386.72,No,2020-12-23,4+ years,High,3,3264.38,0.0,Standard
CUST000337,Female,1,Yes,Yes,13,Yes,Yes,DSL,No,Yes,Yes,Yes,No,Yes,Month-to-month,No,Electronic check,92.9,1239.89,No,2023-12-08,1-2 years,High,6,1207.7,65.0,Power User
CUST000338,Female,0,No,No,61,Yes,No,Fiber optic,No,No,No,No,No,No,Two year,No,Credit card (automatic),41.51,2689.47,No,2019-12-29,4+ years,Medium,1,2532.11,10.0,Standard
CUST000339,Male,0,Yes,No,49,No,No phone service,DSL,No,No,No,No,No,No,Month-to-month,No,Electronic check,86.29,3843.23,Yes,2020-12-23,4+ years,High,0,4228.21,65.0,Premium
CUST000340,Male,0,Yes,Yes,46,Yes,No,Fiber optic,No,No,Yes,Yes,No,No,Month-to-month,Yes,Bank transfer (automatic),85.44,3770.23,No,2021-03-23,2-4 years,High,3,3930.24,45.0,Standard
CUST000341,Male,0,Yes,No,62,Yes,No,Fiber optic,Yes,Yes,No,Yes,Yes,Yes,Month-to-month,Yes,Mailed check,38.9,2305.75,No,2019-11-29,4+ years,Medium,6,2411.8,30.0,Power User
CUST000342,Male,0,Yes,No,8,Yes,No,DSL,No,No,No,Yes,Yes,No,Month-to-month,Yes,Bank transfer (automatic),57.9,430.41,No,2024-05-06,0-1 year,Medium,3,463.2,55.0,Standard
CUST000343,Male,0,No,No,43,Yes,No,DSL,No,Yes,Yes,No,No,Yes,Month-to-month,No,Bank transfer (automatic),41.91,1726.14,Yes,2021-06-21,2-4 years,Medium,4,1802.13,30.0,Standard
CUST000344,Male,1,No,No,20,Yes,Yes,Fiber optic,No,Yes,Yes,No,Yes,Yes,Month-to-month,Yes,Electronic check,47.83,920.2,No,2023-05-12,1-2 years,Medium,6,956.6,50.0,Power User
CUST000345,Male,0,No,No,39,Yes,Yes,No,No internet service,No internet service,No internet service,No internet service,No internet service,No internet service,Two year,No,Electronic check,48.43,1897.04,No,2021-10-19,2-4 years,Medium,2,1888.77,20.0,Standard
CUST000346,Female,0,Yes,Yes,49,Yes,No,DSL,Yes,Yes,Yes,Yes,Yes,No,One year,Yes,Electronic check,68.94,3488.66,Yes,2020-12-23,4+ years,High,6,3378.06,10.0,Power User
CUST000347,Female,0,Yes,Yes,64,Yes,No,Fiber optic,No,No,No,No,No,Yes,Month-to-month,Yes,Mailed check,58.8,3673.71,Yes,2019-09-30,4+ years,Medium,2,3763.2,40.0,Standard
CUST000348,Male,1,Yes,Yes,62,Yes,No,Fiber optic,No,Yes,No,Yes,No,No,Month-to-month,Yes,Mailed check,96.34,6235.26,No,2019-11-29,4+ years,High,3,5973.08,55.0,Premium
CUST000349,Male,0,No,No,54,Yes,No,No,No internet service,No internet service,No internet service,No internet service,No internet service,No internet service,Two year,Yes,Bank transfer (automatic),38.85,2029.16,No,2020-07-26,4+ years,Medium,1,2097.9,10.0,Standard
CUST000350,Female,0,Yes,No,9,Yes,No,No,No internet service,No internet service,No internet service,No internet service,No internet service,No internet service,Month-to-month,Yes,Mailed check,98.16,846.39,Yes,2024-04-06,0-1 year,High,1,883.44,80.0,Standard
CUST000351,Male,0,No,Yes,37,Yes,No,Fiber optic,No,Yes,Yes,Yes,Yes,No,Month-to-month,No,Mailed check,46.14,1721.24,No,2021-12-18,2-4 years,Medium,5,1707.18,30.0,Standard
CUST000352,Female,0,No,No,49,Yes,Yes,Fiber optic,Yes,Yes,No,No,No,No,One year,No,Mailed check,84.1,3728.36,No,2020-12-23,4+ years,High,4,4120.9,15.0,Premium
CUST000353,Female,0,Yes,No,41,Yes,No,No,No internet service,No internet service,No internet service,No internet service,No internet service,No internet service,One year,Yes,Electronic check,53.73,2017.79,No,2021-08-20,2-4 years,Medium,1,2202.93,20.0,Standard
CUST000354,Male,1,No,No,17,Yes,No,Fiber optic,Yes,Yes,No,No,No,Yes,One year,Yes,Electronic check,40.02,669.18,No,2023-08-10,1-2 years,Medium,4,680.34,20.0,Standard
CUST000355,Male,0,Yes,No,21,Yes,Yes,DSL,No,Yes,No,No,No,No,Month-to-month,Yes,Credit card (automatic),90.05,2058.56,Yes,2023-04-12,1-2 years,High,3,1891.05,45.0,Standard
CUST000356,Female,0,No,Yes,51,No,No phone service,DSL,Yes,No,Yes,No,No,No,Month-to-month,No,Credit card (automatic),51.62,2749.25,No,2020-10-24,4+ years,Medium,2,2632.62,40.0,Standard
CUST000357,Male,0,No,No,59,Yes,No,No,No internet service,No internet service,No internet service,No internet service,No internet service,No internet service,One year,Yes,Electronic check,76.12,4121.13,No,2020-02-27,4+ years,High,1,4491.08,35.0,Premium
CUST000358,Female,0,Yes,No,39,Yes,No,No,No internet service,No internet service,No internet service,No internet service,No internet service,No internet service,Month-to-month,No,Mailed check,69.65,2904.49,No,2021-10-19,2-4 years,High,1,2716.35,40.0,Standard
CUST000359,Female,0,Yes,No,55,Yes,Yes,DSL,No,No,No,No,No,No,Month-to-month,Yes,Credit card (automatic),63.02,3627.14,No,2020-06-26,4+ years,Medium,2,3466.1,40.0,Standard
CUST000360,Female,0,No,No,41,No,No phone service,Fiber optic,No,No,No,Yes,No,No,Month-to-month,Yes,Mailed check,64.71,2711.98,Yes,2021-08-20,2-4 years,Medium,1,2653.11,40.0,Standard
CUST000361,Male,0,No,No,39,Yes,No,Fiber optic,No,No,Yes,No,No,No,Month-to-month,No,Electronic check,81.26,3372.15,Yes,2021-10-19,2-4 years,High,2,3169.14,65.0,Standard
CUST000362,Female,0,Yes,No,13,No,No phone service,DSL,No,No,Yes,No,No,No,Two year,Yes,Electronic check,36.14,460.81,No,2023-12-08,1-2 years,Medium,1,469.82,20.0,Standard
CUST000363,Male,0,No,Yes,64,No,No phone service,No,No internet service,No internet service,No internet service,No internet service,No internet service,No internet service,Two year,Yes,Mailed check,76.77,4639.61,Yes,2019-09-30,4+ years,High,0,4913.28,25.0,Premium
CUST000364,Female,0,No,No,11,Yes,Yes,DSL,No,Yes,Yes,Yes,Yes,No,One year,Yes,Credit card (automatic),92.71,1022.26,Yes,2024-02-06,0-1 year,High,6,1019.81,40.0,Power User
CUST000365,Female,0,No,No,19,No,No phone service,DSL,Yes,No,Yes,No,Yes,Yes,Month-to-month,Yes,Bank transfer (automatic),34.05,653.27,No,2023-06-11,1-2 years,Low,4,646.95,30.0,Standard
CUST000366,Male,0,Yes,No,11,Yes,Yes,Fiber optic,No,Yes,Yes,No,No,Yes,Month-to-month,Yes,Electronic check,39.85,441.71,Yes,2024-02-06,0-1 year,Medium,5,438.35,65.0,Entry
CUST000367,Female,0,No,Yes,46,Yes,No,Fiber optic,No,Yes,Yes,No,Yes,Yes,Month-to-month,No,Electronic check,80.16,3735.35,Yes,2021-03-23,2-4 years,High,5,3687.36,55.0,Standard
CUST000368,Female,0,No,Yes,45,Yes,No phone service,DSL,No,Yes,No,No,No,No,Month-to-month,No,Bank transfer (automatic),60.61,2972.21,No,2021-04-22,2-4 years,Medium,2,2727.45,40.0,Standard
CUST000369,Male,1,Yes,Yes,1,Yes,Yes,Fiber optic,Yes,Yes,Yes,No,No,Yes,Two year,Yes,Credit card (automatic),58.25,62.94,No,2024-12-02,0-1 year,Medium,6,58.25,35.0,Power User
CUST000370,Male,1,Yes,No,40,Yes,No,Fiber optic,Yes,Yes,No,Yes,Yes,No,Month-to-month,No,Bank transfer (automatic),39.59,1702.6,No,2021-09-19,2-4 years,Medium,5,1583.6,40.0,Standard
CUST000371,Male,0,No,No,19,Yes,Yes,DSL,Yes,No,No,No,Yes,Yes,Month-to-month,Yes,Bank transfer (automatic),65.47,1318.92,No,2023-06-11,1-2 years,High,5,1243.93,30.0,Standard
CUST000372,Male,0,Yes,Yes,72,No,No phone service,DSL,No,Yes,No,No,No,Yes,Month-to-month,Yes,Electronic check,38.86,3046.06,Yes,2019-02-02,4+ years,Medium,2,2797.92,50.0,Standard
CUST000373,Male,0,No,No,72,Yes,No,Fiber optic,No,No,Yes,Yes,Yes,No,One year,Yes,Credit card (automatic),63.36,4195.59,No,2019-02-02,4+ years,Medium,4,4561.92,0.0,Standard
CUST000374,Female,0,Yes,No,61,Yes,No,DSL,Yes,Yes,No,Yes,No,Yes,Month-to-month,Yes,Bank transfer (automatic),83.45,4851.32,No,2019-12-29,4+ years,High,5,5090.45,45.0,Premium
CUST000375,Male,0,Yes,No,12,No,No phone service,No,No internet service,No internet service,No internet service,No internet service,No internet service,No internet service,Month-to-month,Yes,Electronic check,48.08,576.39,Yes,2024-01-07,0-1 year,Medium,0,576.96,50.0,Standard
CUST000376,Male,0,No,No,61,No,No phone service,No,No internet service,No internet service,No internet service,No internet service,No internet service,No internet service,Month-to-month,No,Bank transfer (automatic),63.66,4152.4,Yes,2019-12-29,4+ years,Medium,0,3883.26,40.0,Standard
CUST000377,Female,0,Yes,No,33,No,No phone service,No,No internet service,No internet service,No internet service,No internet service,No internet service,No internet service,Two year,Yes,Electronic check,99.44,3284.91,No,2022-04-17,2-4 years,High,0,3281.52,35.0,Standard
CUST000378,Male,0,Yes,No,45,Yes,Yes,DSL,No,No,No,No,Yes,No,Month-to-month,Yes,Electronic check,78.07,3687.43,Yes,2021-04-22,2-4 years,High,3,3513.15,55.0,Standard
CUST000379,Female,0,Yes,Yes,69,No,No phone service,No,No internet service,No internet service,No internet service,No internet service,No internet service,No internet service,Two year,Yes,Electronic check,88.89,5690.53,No,2019-05-03,4+ years,High,0,6133.41,35.0,Premium
CUST000380,Male,0,No,No,8,Yes,Yes,Fiber optic,No,Yes,No,No,Yes,No,Two year,No,Electronic check,59.04,448.93,No,2024-05-06,0-1 year,Medium,4,472.32,35.0,Standard
CUST000381,Male,0,Yes,No,25,Yes,Yes,DSL,No,No,No,No,Yes,No,Month-to-month,No,Electronic check,83.75,2190.81,Yes,2022-12-13,2-4 years,High,3,2093.75,55.0,Standard
CUST000382,Female,0,Yes,No,46,Yes,Yes,DSL,No,Yes,No,No,No,Yes,One year,Yes,Mailed check,32.84,1409.35,No,2021-03-23,2-4 years,Low,4,1510.64,0.0,Standard
CUST000383,Female,0,No,No,30,Yes,No,DSL,No,No,No,No,No,Yes,Month-to-month,Yes,Mailed check,38.6,1123.57,No,2022-07-16,2-4 years,Medium,2,1158.0,40.0,Standard
CUST000384,Female,0,Yes,No,47,Yes,No,Fiber optic,Yes,Yes,Yes,Yes,Yes,No,Two year,Yes,Mailed check,44.21,1980.15,No,2021-02-21,2-4 years,Medium,6,2077.87,0.0,Power User
CUST000385,Female,0,No,Yes,49,Yes,No,Fiber optic,No,No,No,No,No,Yes,Month-to-month,Yes,Electronic check,58.14,2763.32,No,2020-12-23,4+ years,Medium,2,2848.86,50.0,Standard
CUST000386,Female,0,Yes,No,47,Yes,No,DSL,Yes,Yes,No,No,No,Yes,Month-to-month,Yes,Electronic check,89.2,4367.08,Yes,2021-02-21,2-4 years,High,4,4192.4,55.0,Standard
CUST000387,Male,0,No,Yes,18,Yes,Yes,Fiber optic,No,No,No,Yes,Yes,No,Month-to-month,Yes,Bank transfer (automatic),54.24,950.52,No,2023-07-11,1-2 years,Medium,4,976.32,30.0,Standard
CUST000388,Male,0,Yes,Yes,66,Yes,Yes,DSL,No,No,No,Yes,Yes,No,Month-to-month,Yes,Mailed check,75.82,5059.43,No,2019-08-01,4+ years,High,4,5004.12,45.0,Premium
CUST000389,Female,0,No,No,68,Yes,No,Fiber optic,Yes,No,No,Yes,No,Yes,Two year,Yes,Electronic check,79.65,4982.83,No,2019-06-02,4+ years,High,4,5416.2,25.0,Premium
CUST000390,Female,0,Yes,No,33,Yes,No,Fiber optic,No,No,Yes,Yes,No,Yes,Month-to-month,Yes,Credit card (automatic),71.03,2486.98,Yes,2022-04-17,2-4 years,High,4,2343.99,45.0,Standard
CUST000391,Female,0,Yes,Yes,36,Yes,Yes,No,No internet service,No internet service,No internet service,No internet service,No internet service,No internet service,One year,No,Bank transfer (automatic),55.01,1928.83,No,2022-01-17,2-4 years,Medium,2,1980.36,10.0,Standard
CUST000392,Male,1,Yes,No,19,Yes,No,No,No internet service,No internet service,No internet service,No internet service,No internet service,No internet service,Month-to-month,No,Credit card (automatic),70.39,1377.14,Yes,2023-06-11,1-2 years,High,1,1337.41,65.0,Standard
CUST000393,Male,0,Yes,No,28,Yes,No,Fiber optic,No,Yes,No,No,Yes,No,Two year,Yes,Mailed check,53.96,1578.99,No,2022-09-14,2-4 years,Medium,3,1510.88,0.0,Standard
CUST000394,Female,0,Yes,Yes,40,No,No phone service,Fiber optic,No,Yes,Yes,No,No,No,Month-to-month,Yes,Electronic check,35.87,1351.48,No,2021-09-19,2-4 years,Medium,2,1434.8,50.0,Standard
CUST000395,Male,0,Yes,No,15,Yes,Yes,Fiber optic,No,Yes,Yes,No,No,No,Month-to-month,Yes,Bank transfer (automatic),99.5,1607.33,No,2023-10-09,1-2 years,High,4,1492.5,45.0,Standard
CUST000396,Female,0,No,No,41,Yes,No,No,No internet service,No internet service,No internet service,No internet service,No internet service,No internet service,Month-to-month,Yes,Electronic check,38.9,1631.97,No,2021-08-20,2-4 years,Medium,1,1594.9,50.0,Standard
CUST000397,Female,0,Yes,No,39,Yes,No,DSL,No,No,No,No,Yes,No,One year,No,Mailed check,35.06,1347.85,Yes,2021-10-19,2-4 years,Medium,2,1367.34,10.0,Standard
CUST000398,Male,1,Yes,Yes,2,Yes,No,DSL,No,No,Yes,Yes,Yes,Yes,Month-to-month,Yes,Electronic check,91.5,171.37,Yes,2024-11-02,0-1 year,High,5,183.0,90.0,Standard
CUST000399,Female,0,No,No,63,Yes,No,DSL,No,Yes,No,No,Yes,No,Month-to-month,No,Credit card (automatic),51.13,3506.14,No,2019-10-30,4+ years,Medium,3,3221.19,30.0,Standard
CUST000400,Female,0,No,No,29,Yes,No,Fiber optic,Yes,No,Yes,No,No,Yes,Month-to-month,No,Electronic check,75.52,2301.8,Yes,2022-08-15,2-4 years,High,4,2190.08,55.0,Standard
CUST000401,Male,0,Yes,No,66,Yes,No,Fiber optic,No,Yes,Yes,Yes,No,Yes,One year,Yes,Credit card (automatic),53.03,3295.6,No,2019-08-01,4+ years,Medium,5,3499.98,0.0,Standard
CUST000402,Female,0,Yes,Yes,51,Yes,Yes,No,No internet service,No internet service,No internet service,No internet service,No internet service,No internet service,Month-to-month,Yes,Credit card (automatic),57.4,2832.38,No,2020-10-24,4+ years,Medium,2,2927.4,40.0,Standard
CUST000403,Male,0,Yes,No,10,Yes,No,DSL,No,No,No,No,Yes,No,One year,Yes,Mailed check,48.35,513.45,No,2024-03-07,0-1 year,Medium,2,483.5,35.0,Standard
CUST000404,Female,0,No,Yes,14,Yes,No,Fiber optic,Yes,No,Yes,No,Yes,No,Month-to-month,Yes,Bank transfer (automatic),54.01,785.73,Yes,2023-11-08,1-2 years,Medium,4,756.14,30.0,Standard
CUST000405,Male,0,No,No,51,Yes,No,No,No internet service,No internet service,No internet service,No internet service,No internet service,No internet service,Two year,Yes,Bank transfer (automatic),58.75,3155.52,No,2020-10-24,4+ years,Medium,1,2996.25,10.0,Standard
CUST000406,Female,1,Yes,Yes,39,Yes,Yes,No,No internet service,No internet service,No internet service,No internet service,No internet service,No internet service,Two year,Yes,Credit card (automatic),80.43,3099.88,No,2021-10-19,2-4 years,High,2,3136.77,35.0,Standard
CUST000407,Male,0,No,No,28,Yes,Yes,Fiber optic,No,Yes,Yes,No,No,No,Month-to-month,No,Mailed check,65.81,1922.46,No,2022-09-14,2-4 years,High,4,1842.68,30.0,Standard
CUST000408,Male,0,No,No,3,Yes,No,Fiber optic,No,No,No,No,Yes,No,Month-to-month,Yes,Bank transfer (automatic),96.05,281.61,Yes,2024-10-03,0-1 year,High,2,288.15,80.0,Standard
CUST000409,Female,0,No,No,70,No,No phone service,DSL,Yes,Yes,No,No,No,Yes,Month-to-month,Yes,Mailed check,32.93,2171.99,Yes,2019-04-03,4+ years,Low,3,2305.1,30.0,Standard
CUST000410,Male,0,No,Yes,27,No,No phone service,No,No internet service,No internet service,No internet service,No internet service,No internet service,No internet service,Month-to-month,No,Credit card (automatic),65.21,1807.39,No,2022-10-14,2-4 years,High,0,1760.67,40.0,Standard
CUST000411,Male,0,Yes,No,2,Yes,No,DSL,No,No,No,No,Yes,No,Month-to-month,No,Mailed check,70.9,155.3,Yes,2024-11-02,0-1 year,High,2,141.8,80.0,Standard
CUST000412,Female,0,Yes,No,38,Yes,No,No,No internet service,No internet service,No internet service,No internet service,No internet service,No internet service,One year,Yes,Mailed check,94.41,3451.68,No,2021-11-18,2-4 years,High,1,3587.58,25.0,Standard
CUST000413,Female,0,Yes,No,3,Yes,No,Fiber optic,Yes,Yes,Yes,No,Yes,No,Month-to-month,No,Bank transfer (automatic),33.44,99.54,No,2024-10-03,0-1 year,Low,5,100.32,55.0,Entry
CUST000414,Female,0,Yes,No,16,Yes,No,Fiber optic,No,No,No,No,Yes,No,Two year,Yes,Credit card (automatic),70.14,1161.29,No,2023-09-09,1-2 years,High,2,1122.24,25.0,Standard
CUST000415,Female,0,No,No,40,Yes,No,DSL,Yes,No,No,Yes,No,Yes,Month-to-month,Yes,Mailed check,89.75,3619.8,No,2021-09-19,2-4 years,High,4,3590.0,45.0,Standard
CUST000416,Male,0,No,No,2,No,No phone service,Fiber optic,No,No,Yes,Yes,No,Yes,One year,Yes,Electronic check,46.93,100.31,Yes,2024-11-02,0-1 year,Medium,3,93.86,35.0,Standard
CUST000417,Male,0,Yes,No,41,No,No phone service,Fiber optic,No,Yes,Yes,Yes,No,Yes,Month-to-month,Yes,Mailed check,91.34,3940.98,No,2021-08-20,2-4 years,High,4,3744.94,45.0,Standard
CUST000418,Male,1,Yes,No,12,Yes,No,DSL,No,Yes,No,No,No,No,Month-to-month,No,Credit card (automatic),31.33,342.75,Yes,2024-01-07,0-1 year,Low,2,375.96,50.0,Standard
CUST000419,Female,0,Yes,No,35,Yes,No,Fiber optic,No,No,No,Yes,Yes,Yes,Month-to-month,No,Bank transfer (automatic),81.27,3128.0,Yes,2022-02-16,2-4 years,High,4,2844.45,45.0,Standard
CUST000420,Female,0,No,No,65,Yes,Yes,No,No internet service,No internet service,No internet service,No internet service,No internet service,No internet service,Month-to-month,No,Credit card (automatic),95.32,6508.57,No,2019-08-31,4+ years,High,2,6195.8,55.0,Premium
CUST000421,Female,1,Yes,No,55,Yes,Yes,Fiber optic,No,Yes,Yes,No,No,No,Month-to-month,Yes,Electronic check,76.0,4484.22,Yes,2020-06-26,4+ years,High,4,4180.0,65.0,Premium
CUST000422,Female,0,Yes,Yes,45,Yes,Yes,Fiber optic,No,No,No,No,No,No,One year,Yes,Mailed check,60.73,2815.49,No,2021-04-22,2-4 years,Medium,2,2732.85,10.0,Standard
CUST000423,Male,1,Yes,No,62,Yes,Yes,DSL,No,Yes,No,No,No,Yes,Two year,Yes,Bank transfer (automatic),33.14,2201.09,No,2019-11-29,4+ years,Low,4,2054.68,10.0,Standard
CUST000424,Male,0,Yes,No,49,Yes,Yes,Fiber optic,No,No,No,Yes,Yes,Yes,Month-to-month,Yes,Credit card (automatic),94.41,4267.46,No,2020-12-23,4+ years,High,5,4626.09,45.0,Premium
CUST000425,Male,0,No,No,25,Yes,No,DSL,No,No,No,No,No,No,Month-to-month,No,Electronic check,62.92,1525.1,No,2022-12-13,2-4 years,Medium,1,1573.0,50.0,Standard
CUST000426,Female,0,No,Yes,23,Yes,No phone service,Fiber optic,No,No,Yes,No,Yes,No,Month-to-month,No,Credit card (automatic),32.03,792.15,Yes,2023-02-11,1-2 years,Low,3,736.69,30.0,Standard
CUST000427,Male,0,Yes,No,24,No,No phone service,No,No internet service,No internet service,No internet service,No internet service,No internet service,No internet service,Month-to-month,Yes,Mailed check,78.29,1766.84,Yes,2023-01-12,1-2 years,High,0,1878.96,55.0,Standard
CUST000428,Female,0,No,No,38,Yes,Yes,Fiber optic,No,No,No,No,No,Yes,Month-to-month,Yes,Electronic check,63.73,2217.46,No,2021-11-18,2-4 years,Medium,3,2421.74,40.0,Standard
CUST000429,Male,0,No,No,28,Yes,Yes,DSL,No,Yes,No,No,No,Yes,One year,Yes,Electronic check,38.7,1146.04,No,2022-09-14,2-4 years,Medium,4,1083.6,10.0,Standard
CUST000430,Male,0,No,Yes,21,Yes,No,Fiber optic,Yes,Yes,Yes,Yes,No,No,Two year,Yes,Electronic check,45.0,1008.41,Yes,2023-04-12,1-2 years,Medium,5,945.0,10.0,Standard
CUST000431,Male,0,Yes,No,54,Yes,Yes,Fiber optic,No,No,No,Yes,No,Yes,Two year,Yes,Mailed check,34.51,1737.81,No,2020-07-26,4+ years,Low,4,1863.54,0.0,Standard
CUST000432,Female,0,Yes,No,18,Yes,No,Fiber optic,No,No,No,Yes,No,No,Month-to-month,Yes,Electronic check,70.2,1353.15,Yes,2023-07-11,1-2 years,High,2,1263.6,65.0,Standard
CUST000433,Female,1,Yes,No,36,Yes,No,No,No internet service,No internet service,No internet service,No internet service,No internet service,No internet service,Two year,Yes,Electronic check,73.54,2746.33,No,2022-01-17,2-4 years,High,1,2647.44,45.0,Standard
CUST000434,Male,0,No,No,45,Yes,No,No,No internet service,No internet service,No internet service,No internet service,No internet service,No internet service,One year,Yes,Credit card (automatic),65.4,2954.82,No,2021-04-22,2-4 years,High,1,2943.0,10.0,Standard
CUST000435,Male,0,Yes,No,53,Yes,Yes,Fiber optic,No,No,Yes,No,No,No,Month-to-month,Yes,Electronic check,87.2,4926.86,Yes,2020-08-25,4+ years,High,3,4621.6,55.0,Premium
CUST000436,Female,0,Yes,No,30,No,No phone service,Fiber optic,No,Yes,No,Yes,Yes,No,Month-to-month,Yes,Electronic check,90.27,2664.36,No,2022-07-16,2-4 years,High,3,2708.1,55.0,Standard
CUST000437,Male,0,Yes,Yes,60,Yes,Yes,DSL,No,Yes,No,No,No,Yes,Two year,No,Mailed check,73.09,4117.01,No,2020-01-28,4+ years,High,4,4385.4,15.0,Premium
CUST000438,Female,1,No,No,32,Yes,No phone service,DSL,Yes,Yes,No,No,No,No,Month-to-month,Yes,Mailed check,30.89,945.95,No,2022-05-17,2-4 years,Low,3,988.48,40.0,Standard
CUST000439,Female,0,Yes,No,67,Yes,No,Fiber optic,No,No,No,No,No,Yes,Month-to-month,No,Bank transfer (automatic),78.67,5276.33,Yes,2019-07-02,4+ years,High,2,5270.89,55.0,Premium
CUST000440,Male,0,No,Yes,67,Yes,Yes,Fiber optic,Yes,No,No,No,Yes,Yes,Month-to-month,Yes,Mailed check,59.26,3995.3,Yes,2019-07-02,4+ years,Medium,5,3970.42,30.0,Standard
CUST000441,Male,0,No,Yes,28,Yes,Yes,Fiber optic,No,Yes,No,Yes,Yes,Yes,One year,Yes,Bank transfer (automatic),69.59,2067.61,Yes,2022-09-14,2-4 years,High,6,1948.52,0.0,Power User
CUST000442,Female,0,Yes,No,44,Yes,Yes,Fiber optic,Yes,No,No,No,No,No,Month-to-month,Yes,Bank transfer (automatic),75.44,3512.78,No,2021-05-22,2-4 years,High,3,3319.36,45.0,Standard
CUST000443,Male,0,No,No,41,Yes,No,DSL,Yes,No,Yes,No,No,No,Two year,Yes,Electronic check,54.52,2271.7,No,2021-08-20,2-4 years,Medium,3,2235.32,10.0,Standard
CUST000444,Male,0,Yes,No,63,Yes,Yes,Fiber optic,Yes,No,No,Yes,No,No,One year,No,Electronic check,94.2,6267.87,Yes,2019-10-30,4+ years,High,4,5934.6,25.0,Premium
CUST000445,Female,0,No,No,23,No,No phone service,DSL,No,Yes,Yes,Yes,Yes,Yes,One year,Yes,Mailed check,39.38,849.91,No,2023-02-11,1-2 years,Medium,5,905.74,0.0,Standard
CUST000446,Female,0,Yes,No,48,Yes,Yes,DSL,Yes,Yes,No,No,No,No,Month-to-month,No,Mailed check,77.01,3363.84,Yes,2021-01-22,2-4 years,High,4,3696.48,45.0,Standard
CUST000447,Female,0,No,No,32,Yes,No,No,No internet service,No internet service,No internet service,No internet service,No internet service,No internet service,One year,No,Bank transfer (automatic),30.31,1042.4,Yes,2022-05-17,2-4 years,Low,1,969.92,10.0,Standard
CUST000448,Female,1,No,Yes,57,Yes,No,DSL,No,Yes,No,No,Yes,No,Month-to-month,Yes,Mailed check,94.73,4941.24,Yes,2020-04-27,4+ years,High,3,5399.61,55.0,Premium
CUST000449,Male,1,No,No,33,Yes,No,Fiber optic,No,No,No,Yes,Yes,No,Month-to-month,Yes,Mailed check,37.88,1186.71,Yes,2022-04-17,2-4 years,Medium,3,1250.04,40.0,Standard
CUST000450,Male,0,No,No,24,Yes,No,DSL,No,No,No,No,No,Yes,Month-to-month,No,Electronic check,36.64,913.71,Yes,2023-01-12,1-2 years,Medium,2,879.36,50.0,Standard
CUST000451,Female,0,Yes,Yes,39,Yes,Yes,No,No internet service,No internet service,No internet service,No internet service,No internet service,No internet service,Month-to-month,Yes,Electronic check,53.31,2041.44,Yes,2021-10-19,2-4 years,Medium,2,2079.09,50.0,Standard
CUST000452,Female,0,No,Yes,34,Yes,Yes,Fiber optic,Yes,No,No,No,No,No,One year,No,Mailed check,56.15,2052.78,No,2022-03-18,2-4 years,Medium,3,1909.1,0.0,Standard
CUST000453,Male,0,No,No,56,Yes,No,DSL,No,No,Yes,No,No,Yes,Month-to-month,Yes,Mailed check,45.0,2418.18,No,2020-05-27,4+ years,Medium,3,2520.0,30.0,Standard
CUST000454,Female,1,No,No,28,Yes,Yes,Fiber optic,Yes,Yes,Yes,Yes,No,No,Month-to-month,Yes,Mailed check,70.96,1792.91,Yes,2022-09-14,2-4 years,High,6,1986.88,55.0,Power User
CUST000455,Male,0,Yes,No,37,Yes,No,Fiber optic,Yes,No,No,No,No,Yes,Month-to-month,Yes,Electronic check,61.0,2167.02,No,2021-12-18,2-4 years,Medium,3,2257.0,40.0,Standard
CUST000456,Male,0,No,No,7,Yes,Yes,No,No internet service,No internet service,No internet service,No internet service,No internet service,No internet service,Two year,Yes,Bank transfer (automatic),32.39,230.27,No,2024-06-05,0-1 year,Low,2,226.73,35.0,Entry
CUST000457,Male,0,No,No,68,Yes,Yes,DSL,No,Yes,Yes,No,Yes,No,One year,No,Credit card (automatic),52.38,3473.46,No,2019-06-02,4+ years,Medium,5,3561.84,0.0,Standard
CUST000458,Male,0,No,No,37,Yes,Yes,No,No internet service,No internet service,No internet service,No internet service,No internet service,No internet service,One year,Yes,Electronic check,86.73,3231.39,Yes,2021-12-18,2-4 years,High,2,3209.01,35.0,Standard
CUST000459,Male,0,Yes,No,56,No,No phone service,No,No internet service,No internet service,No internet service,No internet service,No internet service,No internet service,Month-to-month,No,Mailed check,78.28,4713.86,No,2020-05-27,4+ years,High,0,4383.68,55.0,Premium
CUST000460,Male,0,No,No,65,Yes,Yes,No,No internet service,No internet service,No internet service,No internet service,No internet service,No internet service,Month-to-month,Yes,Credit card (automatic),80.74,5681.05,No,2019-08-31,4+ years,High,2,5248.1,55.0,Premium
CUST000461,Male,0,Yes,Yes,65,Yes,No,Fiber optic,Yes,No,No,No,No,Yes,Two year,Yes,Electronic check,78.87,4886.6,No,2019-08-31,4+ years,High,3,5126.55,25.0,Premium
CUST000462,Female,0,No,No,47,Yes,Yes,Fiber optic,Yes,Yes,No,No,Yes,Yes,Month-to-month,Yes,Mailed check,51.77,2414.77,Yes,2021-02-21,2-4 years,Medium,6,2433.19,30.0,Power User
CUST000463,Female,0,Yes,No,20,Yes,No,Fiber optic,Yes,No,No,No,No,No,Month-to-month,Yes,Electronic check,36.98,746.87,Yes,2023-05-12,1-2 years,Medium,2,739.6,50.0,Standard
CUST000464,Female,0,No,No,19,Yes,Yes,No,No internet service,No internet service,No internet service,No internet service,No internet service,No internet service,One year,Yes,Bank transfer (automatic),49.07,1016.07,No,2023-06-11,1-2 years,Medium,2,932.33,10.0,Standard
CUST000465,Female,0,No,No,29,Yes,No,Fiber optic,No,Yes,No,No,No,No,Month-to-month,Yes,Electronic check,88.22,2813.51,Yes,2022-08-15,2-4 years,High,2,2558.38,65.0,Standard
CUST000466,Male,0,Yes,No,60,Yes,No,Fiber optic,No,No,No,No,No,No,Two year,No,Credit card (automatic),98.63,5604.64,No,2020-01-28,4+ years,High,1,5917.8,25.0,Premium
CUST000467,Male,0,No,Yes,18,Yes,Yes,Fiber optic,Yes,Yes,No,Yes,No,Yes,Month-to-month,Yes,Bank transfer (automatic),64.57,1215.02,No,2023-07-11,1-2 years,Medium,6,1162.26,30.0,Power User
CUST000468,Female,0,Yes,No,35,Yes,No phone service,Fiber optic,No,No,No,No,No,No,Month-to-month,Yes,Bank transfer (automatic),30.68,1047.61,No,2022-02-16,2-4 years,Low,1,1073.8,40.0,Standard
CUST000469,Male,0,No,No,43,Yes,No phone service,No,No internet service,No internet service,No internet service,No internet service,No internet service,No internet service,Month-to-month,No,Bank transfer (automatic),39.8,1543.04,Yes,2021-06-21,2-4 years,Medium,1,1711.4,40.0,Standard
CUST000470,Female,0,No,Yes,11,Yes,No,DSL,Yes,Yes,Yes,No,No,No,Month-to-month,No,Mailed check,52.55,521.31,Yes,2024-02-06,0-1 year,Medium,4,578.05,55.0,Standard
CUST000471,Male,0,No,Yes,49,Yes,No,No,No internet service,No internet service,No internet service,No internet service,No internet service,No internet service,Two year,Yes,Mailed check,70.5,3427.26,No,2020-12-23,4+ years,High,1,3454.5,25.0,Premium
CUST000472,Female,1,No,No,38,Yes,Yes,Fiber optic,Yes,Yes,No,No,No,Yes,One year,Yes,Credit card (automatic),35.26,1336.75,No,2021-11-18,2-4 years,Medium,5,1339.88,10.0,Standard
CUST000473,Male,0,No,Yes,64,Yes,No,No,No internet service,No internet service,No internet service,No internet service,No internet service,No internet service,Month-to-month,No,Credit card (automatic),96.04,5559.65,Yes,2019-09-30,4+ years,High,1,6146.56,55.0,Premium
CUST000474,Female,0,Yes,No,69,Yes,Yes,Fiber optic,Yes,Yes,Yes,No,No,Yes,Month-to-month,Yes,Mailed check,55.56,3976.96,Yes,2019-05-03,4+ years,Medium,6,3833.64,30.0,Power User
CUST000475,Female,0,Yes,Yes,8,Yes,Yes,Fiber optic,No,No,No,No,No,Yes,One year,Yes,Credit card (automatic),93.88,720.1,Yes,2024-05-06,0-1 year,High,3,751.04,40.0,Standard
CUST000476,Female,0,No,No,34,Yes,No phone service,No,No internet service,No internet service,No internet service,No internet service,No internet service,No internet service,One year,Yes,Mailed check,84.64,2912.23,Yes,2022-03-18,2-4 years,High,1,2877.76,25.0,Standard
CUST000477,Male,0,No,Yes,48,Yes,Yes,DSL,No,Yes,Yes,No,No,No,Month-to-month,No,Mailed check,82.88,3819.84,Yes,2021-01-22,2-4 years,High,4,3978.24,45.0,Standard
CUST000478,Female,0,No,No,56,Yes,No,No,No internet service,No internet service,No internet service,No internet service,No internet service,No internet service,Month-to-month,Yes,Mailed check,72.47,3788.14,No,2020-05-27,4+ years,High,1,4058.32,55.0,Premium
CUST000479,Female,0,No,No,65,Yes,No,Fiber optic,No,Yes,No,No,No,Yes,Month-to-month,No,Electronic check,73.87,4712.41,Yes,2019-08-31,4+ years,High,3,4801.55,55.0,Premium
CUST000480,Female,0,Yes,No,31,No,No phone service,Fiber optic,No,No,No,No,Yes,Yes,One year,Yes,Electronic check,74.66,2190.53,No,2022-06-16,2-4 years,High,2,2314.46,35.0,Standard
CUST000481,Female,0,No,Yes,4,Yes,No phone service,DSL,Yes,Yes,No,No,Yes,No,Two year,No,Electronic check,74.01,298.1,Yes,2024-09-03,0-1 year,High,4,296.04,50.0,Standard
CUST000482,Female,0,Yes,No,50,Yes,Yes,Fiber optic,No,No,Yes,Yes,No,No,Month-to-month,Yes,Mailed check,68.76,3230.91,Yes,2020-11-23,4+ years,High,4,3438.0,30.0,Standard
CUST000483,Male,0,No,No,69,Yes,Yes,DSL,No,No,No,Yes,No,No,One year,Yes,Mailed check,99.05,6845.94,Yes,2019-05-03,4+ years,High,3,6834.45,15.0,Premium
CUST000484,Female,0,Yes,No,30,Yes,No,DSL,Yes,No,No,No,Yes,No,Month-to-month,No,Mailed check,81.26,2270.75,Yes,2022-07-16,2-4 years,High,3,2437.8,45.0,Standard
CUST000485,Female,0,Yes,Yes,59,Yes,Yes,DSL,Yes,No,Yes,No,Yes,No,Month-to-month,Yes,Credit card (automatic),84.39,5149.27,No,2020-02-27,4+ years,High,5,4979.01,45.0,Premium
CUST000486,Female,0,Yes,Yes,67,Yes,Yes,DSL,No,No,No,No,No,Yes,Month-to-month,Yes,Mailed check,91.07,6411.58,Yes,2019-07-02,4+ years,High,3,6101.69,45.0,Premium
CUST000487,Male,0,Yes,No,45,No,No phone service,No,No internet service,No internet service,No internet service,No internet service,No internet service,No internet service,Two year,Yes,Mailed check,45.09,1870.94,No,2021-04-22,2-4 years,Medium,0,2029.05,10.0,Standard
CUST000488,Male,0,No,No,4,Yes,No,No,No internet service,No internet service,No internet service,No internet service,No internet service,No internet service,Month-to-month,Yes,Electronic check,35.87,142.56,Yes,2024-09-03,0-1 year,Medium,1,143.48,75.0,Entry
CUST000489,Female,0,Yes,No,26,Yes,No,Fiber optic,No,No,No,Yes,No,Yes,Month-to-month,Yes,Electronic check,63.8,1516.43,No,2022-11-13,2-4 years,Medium,3,1658.8,40.0,Standard
CUST000490,Female,0,Yes,No,27,Yes,Yes,Fiber optic,No,Yes,No,No,Yes,Yes,Month-to-month,No,Bank transfer (automatic),65.99,1816.72,Yes,2022-10-14,2-4 years,High,5,1781.73,30.0,Standard
CUST000491,Male,0,Yes,No,46,Yes,No,DSL,Yes,No,Yes,No,No,No,Month-to-month,Yes,Mailed check,88.04,3859.02,Yes,2021-03-23,2-4 years,High,3,4049.84,45.0,Standard
CUST000492,Female,0,Yes,Yes,64,Yes,Yes,Fiber optic,No,No,No,Yes,No,No,Month-to-month,Yes,Bank transfer (automatic),61.06,3929.43,Yes,2019-09-30,4+ years,Medium,3,3907.84,30.0,Standard
CUST000493,Male,0,Yes,No,51,Yes,Yes,No,No internet service,No internet service,No internet service,No internet service,No internet service,No internet service,One year,Yes,Electronic check,69.96,3580.42,No,2020-10-24,4+ years,High,2,3567.96,20.0,Standard
CUST000494,Male,0,Yes,Yes,50,Yes,No,No,No internet service,No internet service,No internet service,No internet service,No internet service,No internet service,Month-to-month,No,Mailed check,66.89,3628.35,Yes,2020-11-23,4+ years,High,1,3344.5,40.0,Standard
CUST000495,Male,0,No,No,6,Yes,No,Fiber optic,No,No,Yes,No,No,Yes,One year,No,Electronic check,32.67,197.94,No,2024-07-05,0-1 year,Low,3,196.02,35.0,Entry
CUST000496,Male,0,No,No,59,Yes,No,No,No internet service,No internet service,No internet service,No internet service,No internet service,No internet service,Month-to-month,Yes,Electronic check,73.07,4382.69,Yes,2020-02-27,4+ years,High,1,4311.13,65.0,Premium
CUST000497,Female,1,No,No,15,Yes,Yes,DSL,No,No,No,No,Yes,No,Month-to-month,Yes,Electronic check,87.96,1293.45,Yes,2023-10-09,1-2 years,High,3,1319.4,65.0,Standard
CUST000498,Male,0,Yes,Yes,30,Yes,No,No,No internet service,No internet service,No internet service,No internet service,No internet service,No internet service,Month-to-month,No,Electronic check,41.03,1341.45,No,2022-07-16,2-4 years,Medium,1,1230.9,50.0,Standard
CUST000499,Female,1,Yes,Yes,42,No,No phone service,DSL,No,Yes,No,No,Yes,Yes,Month-to-month,Yes,Electronic check,71.6,3173.91,Yes,2021-07-21,2-4 years,High,3,3007.2,65.0,Standard
CUST000500,Female,0,No,Yes,37,Yes,No,Fiber optic,Yes,No,No,No,No,No,Month-to-month,No,Electronic check,71.55,2533.73,Yes,2021-12-18,2-4 years,High,2,2647.35,65.0,Standard
