CustomerID,Gender,SeniorCitizen,Partner,Dependents,tenure,PhoneService,MultipleLines,InternetService,OnlineSecurity,OnlineBackup,DeviceProtection,TechSupport,StreamingTV,StreamingMovies,Contract,PaperlessBilling,PaymentMethod,MonthlyCharges,TotalCharges,Churn
CUST000001,Male,0,Yes,No,7,No,No phone service,Fiber optic,No,Yes,Yes,Yes,No,No,One year,Yes,Credit card (automatic),99.01,646.52,No
CUST000002,Female,0,No,No,35,Yes,No,No,No internet service,No internet service,No internet service,No internet service,No internet service,No internet service,One year,No,Bank transfer (automatic),51.6,1670.0,No
CUST000003,Female,0,No,Yes,55,Yes,Yes,Fiber optic,Yes,No,No,No,No,No,One year,No,Electronic check,39.12,2358.18,No
CUST000004,Female,0,No,No,14,Yes,No,Fiber optic,No,No,No,No,Yes,No,Month-to-month,Yes,Credit card (automatic),43.94,602.08,No
CUST000005,Male,0,No,No,10,Yes,No,No,No internet service,No internet service,No internet service,No internet service,No internet service,No internet service,Month-to-month,Yes,Bank transfer (automatic),71.14,672.62,Yes
CUST000006,Male,0,No,No,16,No,No phone service,No,No internet service,No internet service,No internet service,No internet service,No internet service,No internet service,Month-to-month,Yes,Mailed check,34.48,515.42,No
CUST000007,Male,1,No,No,54,Yes,No,Fiber optic,Yes,No,No,Yes,No,No,Month-to-month,Yes,Electronic check,90.37,5043.56,Yes
CUST000008,Female,0,No,No,70,No,No phone service,Fiber optic,No,Yes,No,No,Yes,No,Two year,Yes,Electronic check,97.3,6960.09,No
CUST000009,Female,1,Yes,No,44,Yes,Yes,Fiber optic,No,Yes,No,No,No,No,Month-to-month,No,Electronic check,47.27,2139.59,Yes
CUST000010,Female,0,Yes,No,45,Yes,No,DSL,No,Yes,No,Yes,No,No,Month-to-month,Yes,Mailed check,61.51,2539.87,No
CUST000011,Male,0,Yes,No,56,Yes,No,Fiber optic,Yes,No,No,No,Yes,Yes,One year,Yes,Mailed check,31.55,1905.86,Yes
CUST000012,Female,0,No,No,57,Yes,No phone service,No,No internet service,No internet service,No internet service,No internet service,No internet service,No internet service,Month-to-month,Yes,Mailed check,74.85,4171.96,Yes
CUST000013,Female,1,No,No,21,Yes,Yes,No,No internet service,No internet service,No internet service,No internet service,No internet service,No internet service,Month-to-month,Yes,Mailed check,58.97,1192.15,No
CUST000014,Male,1,Yes,Yes,68,Yes,Yes,DSL,No,No,Yes,No,No,Yes,Two year,No,Mailed check,48.9,3300.17,No
CUST000015,Male,0,No,Yes,50,Yes,No,Fiber optic,No,No,No,Yes,Yes,Yes,Two year,Yes,Bank transfer (automatic),44.48,2175.1,No
CUST000016,Male,0,No,Yes,33,Yes,Yes,DSL,Yes,Yes,No,Yes,Yes,No,One year,Yes,Credit card (automatic),75.78,2682.58,Yes
CUST000017,Male,0,Yes,No,7,Yes,No,No,No internet service,No internet service,No internet service,No internet service,No internet service,No internet service,Month-to-month,No,Electronic check,59.14,449.52,Yes
CUST000018,Female,0,No,No,70,Yes,No,No,No internet service,No internet service,No internet service,No internet service,No internet service,No internet service,One year,Yes,Mailed check,42.58,2863.43,No
CUST000019,Male,1,No,Yes,15,Yes,Yes,Fiber optic,Yes,No,No,Yes,Yes,No,One year,No,Electronic check,78.24,1259.02,Yes
CUST000020,Male,0,Yes,No,32,Yes,No,No,No internet service,No internet service,No internet service,No internet service,No internet service,No internet service,Month-to-month,Yes,Bank transfer (automatic),69.56,2351.25,No
CUST000021,Female,0,No,Yes,20,Yes,No,Fiber optic,No,No,No,No,Yes,No,Month-to-month,Yes,Bank transfer (automatic),90.11,1957.48,No
CUST000022,Male,0,Yes,No,15,Yes,Yes,Fiber optic,Yes,Yes,No,No,No,Yes,Two year,No,Credit card (automatic),38.22,544.15,No
CUST000023,Male,1,No,No,48,Yes,No phone service,DSL,Yes,No,No,Yes,No,No,Month-to-month,Yes,Electronic check,85.0,4142.8,Yes
CUST000024,Male,1,No,Yes,71,Yes,No,Fiber optic,Yes,No,No,Yes,Yes,No,One year,Yes,Credit card (automatic),77.15,5230.66,No
CUST000025,Male,0,No,No,21,No,No phone service,Fiber optic,No,No,Yes,Yes,Yes,No,Month-to-month,Yes,Electronic check,38.05,850.84,No
CUST000026,Female,0,Yes,Yes,42,Yes,No,Fiber optic,No,No,No,Yes,No,No,Month-to-month,Yes,Bank transfer (automatic),78.64,2976.11,Yes
CUST000027,Male,0,No,Yes,26,Yes,No,Fiber optic,Yes,No,No,No,No,Yes,Month-to-month,No,Electronic check,60.91,1604.19,Yes
CUST000028,Female,0,No,No,14,Yes,No phone service,No,No internet service,No internet service,No internet service,No internet service,No internet service,No internet service,Two year,No,Credit card (automatic),96.15,1302.81,No
CUST000029,Female,0,Yes,No,57,Yes,No,DSL,No,Yes,No,Yes,No,Yes,Month-to-month,No,Mailed check,39.91,2194.2,Yes
CUST000030,Male,1,No,No,37,Yes,No,Fiber optic,No,No,No,No,Yes,No,Month-to-month,No,Bank transfer (automatic),75.0,2855.42,Yes
CUST000031,Female,0,Yes,No,58,Yes,No,Fiber optic,No,Yes,No,No,Yes,No,One year,Yes,Credit card (automatic),56.74,3522.26,No
CUST000032,Male,1,No,No,21,Yes,Yes,Fiber optic,Yes,No,Yes,No,No,Yes,One year,Yes,Electronic check,96.98,2081.06,No
CUST000033,Male,1,Yes,No,69,Yes,No,Fiber optic,Yes,No,No,No,No,Yes,Two year,Yes,Electronic check,53.1,3922.7,No
CUST000034,Female,0,Yes,Yes,3,No,No phone service,DSL,No,No,No,No,No,Yes,Month-to-month,Yes,Credit card (automatic),97.35,278.3,Yes
CUST000035,Female,0,Yes,No,37,Yes,Yes,DSL,No,No,Yes,Yes,No,No,Month-to-month,Yes,Electronic check,93.1,3458.14,Yes
CUST000036,Female,1,No,Yes,49,Yes,Yes,Fiber optic,Yes,No,Yes,Yes,No,No,Two year,No,Electronic check,48.93,2373.85,No
CUST000037,Male,1,Yes,Yes,19,Yes,No phone service,Fiber optic,No,Yes,No,No,No,Yes,One year,Yes,Mailed check,86.25,1478.69,No
CUST000038,Male,0,No,No,12,Yes,No,DSL,Yes,No,No,Yes,No,No,Month-to-month,Yes,Mailed check,99.69,1209.87,No
CUST000039,Female,0,Yes,Yes,61,Yes,No,Fiber optic,No,No,Yes,No,No,Yes,Month-to-month,Yes,Electronic check,47.69,3003.07,No
CUST000040,Male,0,Yes,No,41,Yes,No,Fiber optic,No,Yes,No,No,No,No,Two year,No,Electronic check,60.57,2529.02,No
CUST000041,Male,1,No,No,33,Yes,No,Fiber optic,Yes,Yes,No,No,Yes,Yes,Month-to-month,No,Electronic check,66.41,2295.09,No
CUST000042,Male,0,No,Yes,50,Yes,No phone service,No,No internet service,No internet service,No internet service,No internet service,No internet service,No internet service,One year,No,Mailed check,50.65,2568.63,No
CUST000043,Male,0,Yes,No,68,Yes,No,DSL,No,No,No,No,No,No,Month-to-month,Yes,Credit card (automatic),31.07,1929.69,Yes
CUST000044,Female,0,No,Yes,71,Yes,Yes,DSL,No,No,No,No,No,No,Month-to-month,No,Credit card (automatic),45.41,2976.79,Yes
CUST000045,Male,0,No,No,33,No,No phone service,No,No internet service,No internet service,No internet service,No internet service,No internet service,No internet service,One year,Yes,Bank transfer (automatic),49.74,1673.09,No
CUST000046,Female,0,No,No,24,No,No phone service,Fiber optic,Yes,Yes,No,Yes,No,No,Month-to-month,No,Electronic check,61.05,1399.26,No
CUST000047,Male,0,Yes,No,61,Yes,No,Fiber optic,No,No,No,No,No,No,Month-to-month,Yes,Credit card (automatic),41.98,2345.49,Yes
CUST000048,Female,0,Yes,No,61,Yes,Yes,No,No internet service,No internet service,No internet service,No internet service,No internet service,No internet service,Month-to-month,Yes,Mailed check,91.13,5480.66,No
CUST000049,Female,0,No,Yes,28,Yes,Yes,No,No internet service,No internet service,No internet service,No internet service,No internet service,No internet service,Month-to-month,Yes,Electronic check,79.34,2245.66,No
CUST000050,Male,0,Yes,No,58,Yes,No,No,No internet service,No internet service,No internet service,No internet service,No internet service,No internet service,One year,No,Credit card (automatic),35.96,2014.24,No
CUST000051,Female,0,No,No,43,Yes,Yes,Fiber optic,No,No,Yes,No,Yes,Yes,Two year,Yes,Bank transfer (automatic),75.51,3390.08,No
CUST000052,Female,1,No,No,41,Yes,No,Fiber optic,Yes,No,Yes,No,No,No,One year,No,Bank transfer (automatic),75.76,3195.47,Yes
CUST000053,Female,0,No,No,39,Yes,No phone service,Fiber optic,No,No,Yes,No,No,Yes,Month-to-month,Yes,Bank transfer (automatic),96.94,3654.25,Yes
CUST000054,Female,0,No,No,49,Yes,No,DSL,No,Yes,No,No,No,No,Month-to-month,Yes,Electronic check,30.21,1555.75,Yes
CUST000055,Female,1,No,Yes,17,Yes,Yes,Fiber optic,No,No,Yes,Yes,Yes,No,Month-to-month,Yes,Electronic check,47.36,829.06,Yes
CUST000056,Female,0,Yes,Yes,70,No,No phone service,DSL,Yes,No,No,No,No,No,Two year,Yes,Bank transfer (automatic),94.95,6829.21,No
CUST000057,Male,0,No,No,70,Yes,No,No,No internet service,No internet service,No internet service,No internet service,No internet service,No internet service,Two year,Yes,Electronic check,95.25,6738.75,No
CUST000058,Male,0,Yes,No,65,Yes,No,Fiber optic,No,Yes,No,No,Yes,Yes,Two year,Yes,Mailed check,80.44,4717.65,No
CUST000059,Male,0,Yes,No,5,No,No phone service,Fiber optic,No,No,Yes,No,Yes,No,Month-to-month,No,Bank transfer (automatic),83.6,434.43,Yes
CUST000060,Male,0,No,No,2,Yes,Yes,Fiber optic,Yes,Yes,No,Yes,No,No,Month-to-month,Yes,Bank transfer (automatic),36.4,71.0,Yes
CUST000061,Male,0,No,No,22,Yes,No,DSL,No,No,No,No,No,Yes,Month-to-month,No,Mailed check,65.97,1579.82,Yes
CUST000062,Male,0,No,Yes,57,Yes,No,DSL,No,No,No,No,No,No,Month-to-month,Yes,Bank transfer (automatic),46.21,2801.48,Yes
CUST000063,Female,0,No,No,66,Yes,No,Fiber optic,No,No,No,No,No,No,Month-to-month,No,Credit card (automatic),42.69,2866.96,Yes
CUST000064,Male,0,Yes,Yes,16,Yes,Yes,DSL,Yes,Yes,No,Yes,Yes,No,Two year,Yes,Bank transfer (automatic),86.72,1318.75,No
CUST000065,Male,0,Yes,No,51,Yes,No,Fiber optic,Yes,No,No,No,No,Yes,Month-to-month,Yes,Electronic check,39.45,1892.73,Yes
CUST000066,Female,0,No,No,39,Yes,No,No,No internet service,No internet service,No internet service,No internet service,No internet service,No internet service,Month-to-month,Yes,Electronic check,62.81,2371.39,Yes
CUST000067,Male,0,Yes,No,40,Yes,Yes,No,No internet service,No internet service,No internet service,No internet service,No internet service,No internet service,Month-to-month,Yes,Electronic check,95.7,3810.06,Yes
CUST000068,Female,0,Yes,Yes,38,Yes,Yes,Fiber optic,No,No,Yes,No,Yes,No,Two year,No,Electronic check,43.01,1567.72,No
CUST000069,Male,1,Yes,No,60,Yes,No,DSL,No,No,No,No,No,Yes,One year,Yes,Electronic check,98.46,5925.24,No
CUST000070,Female,0,Yes,No,59,Yes,Yes,No,No internet service,No internet service,No internet service,No internet service,No internet service,No internet service,One year,Yes,Electronic check,99.6,5483.12,No
CUST000071,Female,0,Yes,No,10,Yes,Yes,No,No internet service,No internet service,No internet service,No internet service,No internet service,No internet service,Two year,No,Mailed check,68.89,754.72,No
CUST000072,Male,0,Yes,Yes,64,No,No phone service,DSL,No,Yes,No,No,No,Yes,Month-to-month,Yes,Credit card (automatic),41.91,2471.91,No
CUST000073,Male,0,Yes,No,63,Yes,No,Fiber optic,Yes,No,No,No,Yes,No,One year,No,Electronic check,52.13,3567.91,Yes
CUST000074,Female,0,Yes,No,49,Yes,No,DSL,No,No,No,No,No,Yes,Month-to-month,Yes,Bank transfer (automatic),59.71,3167.8,No
CUST000075,Female,1,No,Yes,64,Yes,No,No,No internet service,No internet service,No internet service,No internet service,No internet service,No internet service,Month-to-month,No,Bank transfer (automatic),51.65,3322.37,No
CUST000076,Female,1,Yes,Yes,32,Yes,Yes,No,No internet service,No internet service,No internet service,No internet service,No internet service,No internet service,Two year,Yes,Electronic check,49.64,1659.93,No
CUST000077,Female,0,Yes,Yes,7,No,No phone service,DSL,Yes,Yes,Yes,No,No,Yes,One year,Yes,Credit card (automatic),98.06,677.64,No
CUST000078,Male,1,No,No,21,Yes,No,No,No internet service,No internet service,No internet service,No internet service,No internet service,No internet service,Month-to-month,Yes,Mailed check,40.74,877.79,Yes
CUST000079,Male,0,Yes,No,20,Yes,No,Fiber optic,Yes,Yes,Yes,Yes,No,No,Month-to-month,No,Mailed check,81.33,1574.74,Yes
CUST000080,Male,0,No,No,26,Yes,No phone service,No,No internet service,No internet service,No internet service,No internet service,No internet service,No internet service,Month-to-month,Yes,Bank transfer (automatic),30.03,749.73,Yes
CUST000081,Female,0,No,Yes,68,Yes,Yes,Fiber optic,No,Yes,No,No,Yes,No,Month-to-month,Yes,Electronic check,71.73,4953.96,Yes
CUST000082,Female,1,Yes,No,15,Yes,No,No,No internet service,No internet service,No internet service,No internet service,No internet service,No internet service,Month-to-month,No,Bank transfer (automatic),94.12,1411.27,Yes
CUST000083,Male,0,Yes,No,14,Yes,Yes,DSL,Yes,No,No,No,Yes,No,Month-to-month,No,Electronic check,50.16,713.41,Yes
CUST000084,Male,0,No,No,27,Yes,No,DSL,Yes,Yes,Yes,Yes,No,Yes,Month-to-month,No,Credit card (automatic),42.99,1111.2,No
CUST000085,Male,0,No,No,40,Yes,Yes,DSL,No,No,No,No,No,No,Two year,No,Mailed check,75.62,2944.31,No
CUST000086,Male,0,Yes,Yes,58,Yes,Yes,No,No internet service,No internet service,No internet service,No internet service,No internet service,No internet service,Month-to-month,Yes,Bank transfer (automatic),79.88,4247.48,Yes
CUST000087,Female,0,No,No,28,Yes,Yes,No,No internet service,No internet service,No internet service,No internet service,No internet service,No internet service,Month-to-month,Yes,Electronic check,78.16,1992.51,No
CUST000088,Female,0,Yes,No,26,Yes,No,No,No internet service,No internet service,No internet service,No internet service,No internet service,No internet service,Month-to-month,No,Bank transfer (automatic),52.35,1293.99,No
CUST000089,Female,0,No,No,63,No,No phone service,No,No internet service,No internet service,No internet service,No internet service,No internet service,No internet service,Two year,No,Bank transfer (automatic),47.65,2746.33,No
CUST000090,Male,0,Yes,No,66,Yes,No,DSL,No,No,Yes,No,Yes,No,Month-to-month,Yes,Mailed check,96.91,5889.2,Yes
CUST000091,Male,0,No,No,25,Yes,No,Fiber optic,No,No,Yes,No,No,No,Month-to-month,Yes,Bank transfer (automatic),94.63,2513.81,No
CUST000092,Female,0,No,No,3,Yes,Yes,DSL,Yes,Yes,No,Yes,No,No,Month-to-month,No,Mailed check,62.01,168.87,Yes
CUST000093,Female,0,No,Yes,72,Yes,No,DSL,Yes,Yes,No,No,Yes,Yes,One year,Yes,Credit card (automatic),89.23,6628.79,No
CUST000094,Female,0,Yes,Yes,44,Yes,Yes,DSL,No,No,No,No,No,Yes,One year,Yes,Mailed check,61.66,2589.63,No
CUST000095,Female,1,Yes,No,42,Yes,No,Fiber optic,Yes,No,No,No,No,Yes,Two year,Yes,Credit card (automatic),59.71,2694.17,No
CUST000096,Male,0,Yes,No,6,Yes,No,DSL,No,No,No,No,No,No,Two year,Yes,Credit card (automatic),40.97,245.08,No
CUST000097,Female,0,Yes,Yes,39,Yes,Yes,DSL,No,No,No,No,Yes,Yes,One year,No,Mailed check,59.85,2243.39,No
CUST000098,Male,0,Yes,Yes,52,Yes,Yes,DSL,No,No,No,No,Yes,Yes,One year,Yes,Electronic check,67.62,3528.64,Yes
CUST000099,Male,0,No,Yes,23,Yes,Yes,DSL,No,No,No,Yes,Yes,No,Month-to-month,No,Mailed check,31.58,709.19,Yes
CUST000100,Male,0,Yes,No,50,Yes,No phone service,No,No internet service,No internet service,No internet service,No internet service,No internet service,No internet service,Month-to-month,Yes,Credit card (automatic),61.09,3093.78,No
CUST000101,Male,0,Yes,Yes,43,No,No phone service,No,No internet service,No internet service,No internet service,No internet service,No internet service,No internet service,Two year,Yes,Electronic check,84.69,3360.92,Yes
CUST000102,Female,0,No,No,19,Yes,No,No,No internet service,No internet service,No internet service,No internet service,No internet service,No internet service,Month-to-month,No,Mailed check,77.6,1620.95,No
CUST000103,Male,0,No,Yes,69,No,No phone service,Fiber optic,No,Yes,Yes,Yes,Yes,No,Month-to-month,Yes,Credit card (automatic),74.46,5061.25,No
CUST000104,Male,0,No,No,51,Yes,Yes,DSL,No,Yes,Yes,No,No,No,One year,Yes,Mailed check,93.67,4632.16,Yes
CUST000105,Female,0,No,Yes,11,Yes,No,No,No internet service,No internet service,No internet service,No internet service,No internet service,No internet service,Month-to-month,Yes,Bank transfer (automatic),31.26,358.32,No
CUST000106,Male,0,Yes,No,12,Yes,No,DSL,Yes,Yes,No,No,No,No,One year,Yes,Electronic check,68.99,805.35,No
CUST000107,Male,0,Yes,Yes,8,Yes,Yes,DSL,No,Yes,No,No,Yes,Yes,One year,Yes,Electronic check,85.11,726.26,No
CUST000108,Female,0,No,No,24,Yes,Yes,DSL,Yes,No,Yes,Yes,No,Yes,Month-to-month,No,Bank transfer (automatic),67.89,1614.46,Yes
CUST000109,Male,0,No,Yes,41,Yes,Yes,DSL,No,No,No,Yes,Yes,Yes,Two year,No,Electronic check,52.67,2254.3,No
CUST000110,Male,0,Yes,No,36,Yes,No,DSL,No,No,No,Yes,No,No,Month-to-month,No,Electronic check,39.54,1311.69,No
CUST000111,Male,0,No,No,72,Yes,No phone service,Fiber optic,No,No,No,No,No,No,Month-to-month,Yes,Credit card (automatic),92.13,7092.55,No
CUST000112,Male,0,Yes,No,55,Yes,Yes,Fiber optic,No,Yes,No,No,Yes,No,Month-to-month,Yes,Electronic check,62.95,3625.47,Yes
CUST000113,Female,0,Yes,No,9,Yes,No,DSL,No,Yes,No,No,No,No,One year,Yes,Credit card (automatic),91.47,775.77,No
CUST000114,Female,0,No,No,47,Yes,Yes,DSL,No,Yes,No,Yes,No,Yes,One year,Yes,Credit card (automatic),71.01,3100.7,Yes
CUST000115,Female,1,No,No,15,Yes,No phone service,No,No internet service,No internet service,No internet service,No internet service,No internet service,No internet service,Month-to-month,Yes,Electronic check,77.19,1115.31,Yes
CUST000116,Female,1,No,No,48,Yes,Yes,DSL,No,Yes,Yes,No,No,No,One year,Yes,Electronic check,86.3,4536.81,Yes
CUST000117,Female,0,Yes,No,42,Yes,No,DSL,No,Yes,No,No,Yes,Yes,Month-to-month,No,Bank transfer (automatic),76.14,3042.36,Yes
CUST000118,Male,0,No,No,60,Yes,No,No,No internet service,No internet service,No internet service,No internet service,No internet service,No internet service,Two year,Yes,Mailed check,57.86,3441.14,No
CUST000119,Female,0,Yes,No,70,Yes,No,DSL,No,No,No,Yes,No,Yes,Month-to-month,Yes,Electronic check,65.95,4182.57,Yes
CUST000120,Female,0,Yes,No,12,Yes,No,DSL,No,Yes,No,Yes,Yes,No,One year,No,Bank transfer (automatic),86.21,1013.26,Yes
CUST000121,Female,0,No,No,2,Yes,Yes,Fiber optic,No,No,No,Yes,No,No,Month-to-month,Yes,Electronic check,56.16,113.92,Yes
CUST000122,Female,0,No,Yes,7,Yes,Yes,DSL,No,No,Yes,Yes,No,Yes,Month-to-month,No,Credit card (automatic),57.17,436.46,Yes
CUST000123,Male,0,No,No,3,Yes,Yes,Fiber optic,Yes,No,No,Yes,No,No,Month-to-month,No,Electronic check,36.7,110.47,No
CUST000124,Male,0,No,No,3,Yes,Yes,No,No internet service,No internet service,No internet service,No internet service,No internet service,No internet service,Two year,No,Electronic check,94.02,300.06,Yes
CUST000125,Male,0,No,Yes,27,Yes,No,DSL,No,Yes,No,No,No,No,Month-to-month,Yes,Electronic check,36.37,991.25,No
CUST000126,Male,0,No,No,40,Yes,Yes,Fiber optic,No,Yes,Yes,No,No,No,Two year,No,Credit card (automatic),75.37,2737.91,No
CUST000127,Female,0,Yes,Yes,33,No,No phone service,Fiber optic,No,No,Yes,No,Yes,Yes,Month-to-month,Yes,Bank transfer (automatic),58.92,1872.42,No
CUST000128,Female,0,Yes,No,1,Yes,No,DSL,No,No,No,No,No,No,Month-to-month,No,Credit card (automatic),58.39,59.27,Yes
CUST000129,Male,0,Yes,Yes,8,No,No phone service,Fiber optic,Yes,No,No,No,No,No,Month-to-month,Yes,Mailed check,77.57,676.48,Yes
CUST000130,Female,0,Yes,No,32,Yes,No,DSL,No,No,No,Yes,No,Yes,Two year,Yes,Electronic check,34.7,1190.16,No
CUST000131,Male,0,No,No,48,Yes,Yes,Fiber optic,Yes,No,Yes,No,No,Yes,Month-to-month,Yes,Electronic check,71.56,3248.27,Yes
CUST000132,Male,1,Yes,No,4,Yes,Yes,DSL,No,No,No,Yes,No,No,Two year,Yes,Mailed check,84.04,317.34,No
CUST000133,Male,0,Yes,No,70,Yes,No phone service,Fiber optic,No,No,Yes,No,No,No,Two year,No,Mailed check,87.97,5789.87,No
CUST000134,Male,0,Yes,No,19,Yes,Yes,DSL,Yes,No,No,No,No,Yes,Two year,No,Bank transfer (automatic),41.94,864.19,No
CUST000135,Female,0,No,No,32,Yes,Yes,No,No internet service,No internet service,No internet service,No internet service,No internet service,No internet service,Month-to-month,No,Electronic check,92.82,3179.74,Yes
CUST000136,Male,0,Yes,Yes,9,Yes,No,DSL,No,No,No,Yes,No,Yes,One year,Yes,Credit card (automatic),75.93,720.94,No
CUST000137,Female,0,No,No,12,Yes,No,Fiber optic,Yes,Yes,Yes,Yes,No,No,One year,No,Electronic check,91.73,1077.15,No
CUST000138,Female,0,Yes,Yes,11,Yes,No,Fiber optic,No,Yes,No,No,Yes,Yes,Month-to-month,Yes,Credit card (automatic),63.97,704.29,Yes
CUST000139,Male,0,Yes,No,46,Yes,Yes,Fiber optic,Yes,No,Yes,Yes,No,Yes,One year,No,Electronic check,67.94,3102.95,No
CUST000140,Female,0,No,No,16,Yes,Yes,Fiber optic,Yes,Yes,No,No,No,No,Month-to-month,No,Mailed check,94.33,1434.84,Yes
CUST000141,Female,0,No,No,1,Yes,No phone service,Fiber optic,No,Yes,Yes,No,Yes,No,Month-to-month,Yes,Electronic check,92.99,93.08,Yes
CUST000142,Male,0,Yes,No,63,Yes,Yes,No,No internet service,No internet service,No internet service,No internet service,No internet service,No internet service,Month-to-month,No,Mailed check,61.37,3503.26,No
CUST000143,Male,0,No,No,21,No,No phone service,No,No internet service,No internet service,No internet service,No internet service,No internet service,No internet service,Month-to-month,Yes,Mailed check,49.21,957.31,No
CUST000144,Male,0,No,No,30,Yes,No,DSL,No,No,No,No,No,No,Month-to-month,Yes,Mailed check,57.52,1859.02,Yes
CUST000145,Male,0,Yes,Yes,13,No,No phone service,Fiber optic,No,No,No,Yes,Yes,Yes,Month-to-month,Yes,Mailed check,57.14,780.21,Yes
CUST000146,Male,1,No,No,34,Yes,Yes,No,No internet service,No internet service,No internet service,No internet service,No internet service,No internet service,One year,Yes,Bank transfer (automatic),50.08,1676.45,Yes
CUST000147,Female,0,No,Yes,4,Yes,Yes,No,No internet service,No internet service,No internet service,No internet service,No internet service,No internet service,Month-to-month,No,Bank transfer (automatic),48.8,195.87,Yes
CUST000148,Male,0,No,No,28,Yes,No,No,No internet service,No internet service,No internet service,No internet service,No internet service,No internet service,Month-to-month,Yes,Credit card (automatic),90.27,2461.84,Yes
CUST000149,Male,0,No,No,59,Yes,No,Fiber optic,No,Yes,No,Yes,Yes,No,Month-to-month,Yes,Electronic check,34.89,2157.64,Yes
CUST000150,Male,0,No,No,27,No,No phone service,DSL,No,No,No,No,Yes,No,One year,Yes,Bank transfer (automatic),77.43,2209.43,No
CUST000151,Female,0,No,Yes,69,Yes,Yes,Fiber optic,Yes,Yes,Yes,No,No,Yes,One year,No,Mailed check,42.1,3057.86,No
CUST000152,Male,0,No,No,25,Yes,Yes,Fiber optic,No,No,No,No,No,Yes,One year,No,Mailed check,54.12,1413.24,Yes
CUST000153,Male,0,No,Yes,3,Yes,No phone service,Fiber optic,Yes,No,No,No,Yes,No,One year,No,Mailed check,34.31,96.85,Yes
CUST000154,Male,0,No,No,68,Yes,No,Fiber optic,No,No,Yes,Yes,No,No,Month-to-month,No,Electronic check,48.9,3217.44,Yes
CUST000155,Female,0,No,Yes,25,Yes,No,No,No internet service,No internet service,No internet service,No internet service,No internet service,No internet service,One year,Yes,Electronic check,83.79,2082.12,No
CUST000156,Male,0,No,No,20,Yes,Yes,Fiber optic,No,No,No,No,Yes,No,Month-to-month,Yes,Electronic check,91.95,1776.77,Yes
CUST000157,Female,0,Yes,No,34,Yes,No,No,No internet service,No internet service,No internet service,No internet service,No internet service,No internet service,Month-to-month,Yes,Electronic check,45.51,1626.24,Yes
CUST000158,Female,0,No,No,26,Yes,No,Fiber optic,Yes,No,Yes,No,Yes,No,One year,Yes,Bank transfer (automatic),62.45,1568.28,No
CUST000159,Male,0,No,No,5,Yes,No,DSL,Yes,No,No,Yes,No,No,Month-to-month,No,Bank transfer (automatic),62.92,291.84,No
CUST000160,Female,0,Yes,No,61,Yes,No,Fiber optic,Yes,No,No,No,No,No,One year,Yes,Credit card (automatic),91.15,5447.88,Yes
CUST000161,Male,0,No,No,9,Yes,Yes,No,No internet service,No internet service,No internet service,No internet service,No internet service,No internet service,One year,No,Bank transfer (automatic),83.4,822.64,Yes
CUST000162,Female,1,Yes,No,50,Yes,No,DSL,No,No,No,No,No,Yes,Month-to-month,Yes,Electronic check,65.92,3115.3,Yes
CUST000163,Female,0,Yes,No,6,Yes,Yes,DSL,Yes,No,Yes,No,Yes,No,Month-to-month,Yes,Credit card (automatic),76.95,472.06,Yes
CUST000164,Female,0,No,No,60,Yes,No,No,No internet service,No internet service,No internet service,No internet service,No internet service,No internet service,Month-to-month,Yes,Credit card (automatic),89.31,5286.77,Yes
CUST000165,Male,0,Yes,No,44,Yes,No phone service,DSL,No,Yes,Yes,No,No,Yes,Two year,No,Mailed check,30.67,1233.7,No
CUST000166,Female,0,No,No,11,Yes,Yes,Fiber optic,No,No,No,Yes,Yes,Yes,One year,No,Mailed check,58.2,638.65,No
CUST000167,Male,0,No,Yes,66,Yes,No,Fiber optic,No,Yes,Yes,No,No,No,Month-to-month,No,Credit card (automatic),93.51,6421.2,Yes
CUST000168,Male,0,Yes,No,47,Yes,Yes,Fiber optic,No,No,Yes,No,Yes,No,Month-to-month,Yes,Mailed check,81.82,3855.71,Yes
CUST000169,Male,0,Yes,Yes,3,Yes,No,Fiber optic,No,No,No,No,No,Yes,One year,No,Credit card (automatic),68.0,219.18,Yes
CUST000170,Female,0,Yes,No,30,Yes,No phone service,DSL,Yes,No,No,No,Yes,Yes,Two year,Yes,Electronic check,67.08,1927.45,No
CUST000171,Female,0,No,No,21,Yes,Yes,Fiber optic,Yes,Yes,Yes,No,No,Yes,Month-to-month,Yes,Electronic check,54.34,1046.71,Yes
CUST000172,Male,1,No,No,28,Yes,Yes,Fiber optic,Yes,No,No,No,Yes,No,Month-to-month,No,Mailed check,66.44,2022.75,Yes
CUST000173,Female,0,No,No,62,Yes,No,Fiber optic,Yes,Yes,Yes,No,No,No,Two year,Yes,Mailed check,75.88,4589.95,No
CUST000174,Male,0,Yes,No,33,Yes,Yes,DSL,No,Yes,No,Yes,Yes,No,Month-to-month,No,Credit card (automatic),59.29,1986.47,Yes
CUST000175,Female,0,No,No,35,Yes,No,Fiber optic,No,No,No,No,No,No,Month-to-month,Yes,Credit card (automatic),79.99,2963.15,No
CUST000176,Male,1,No,No,52,Yes,No phone service,DSL,No,No,No,Yes,Yes,Yes,Two year,Yes,Mailed check,90.29,4530.11,No
CUST000177,Female,0,No,Yes,34,Yes,No,DSL,Yes,No,Yes,No,No,No,One year,No,Electronic check,40.83,1448.24,Yes
CUST000178,Male,0,Yes,No,41,Yes,Yes,DSL,Yes,No,Yes,Yes,Yes,No,Month-to-month,Yes,Credit card (automatic),61.61,2341.82,No
CUST000179,Female,1,No,Yes,51,Yes,No,DSL,No,No,Yes,No,Yes,Yes,Month-to-month,No,Bank transfer (automatic),58.56,2861.9,No
CUST000180,Male,1,No,No,47,Yes,No,No,No internet service,No internet service,No internet service,No internet service,No internet service,No internet service,Month-to-month,Yes,Electronic check,78.12,3410.74,No
CUST000181,Male,0,No,No,58,Yes,Yes,DSL,Yes,Yes,Yes,No,Yes,No,Month-to-month,No,Mailed check,47.49,2925.87,No
CUST000182,Male,0,Yes,No,57,Yes,No,No,No internet service,No internet service,No internet service,No internet service,No internet service,No internet service,Two year,Yes,Bank transfer (automatic),74.82,4028.17,No
CUST000183,Female,0,No,No,23,Yes,No,No,No internet service,No internet service,No internet service,No internet service,No internet service,No internet service,Month-to-month,Yes,Bank transfer (automatic),91.42,2194.09,No
CUST000184,Female,0,No,No,48,Yes,No,Fiber optic,No,Yes,No,Yes,No,No,One year,Yes,Mailed check,59.27,3097.19,No
CUST000185,Male,1,Yes,Yes,22,Yes,Yes,DSL,No,Yes,No,No,Yes,No,Two year,Yes,Electronic check,93.77,2074.4,No
CUST000186,Female,0,No,No,17,Yes,No,Fiber optic,Yes,No,No,No,No,Yes,Month-to-month,No,Credit card (automatic),99.52,1705.38,No
CUST000187,Female,0,No,No,69,Yes,Yes,No,No internet service,No internet service,No internet service,No internet service,No internet service,No internet service,Month-to-month,Yes,Bank transfer (automatic),37.43,2562.54,Yes
CUST000188,Female,0,Yes,No,11,Yes,Yes,Fiber optic,No,Yes,Yes,No,Yes,Yes,Month-to-month,Yes,Mailed check,46.31,491.67,No
CUST000189,Female,0,Yes,No,15,Yes,No,DSL,No,Yes,No,No,No,No,Two year,Yes,Electronic check,96.53,1440.9,No
CUST000190,Male,0,No,No,35,Yes,No,Fiber optic,No,No,No,No,No,Yes,Two year,Yes,Bank transfer (automatic),97.08,3467.66,No
CUST000191,Male,0,Yes,Yes,33,Yes,Yes,No,No internet service,No internet service,No internet service,No internet service,No internet service,No internet service,Month-to-month,No,Electronic check,36.84,1333.89,No
CUST000192,Female,0,No,No,16,Yes,Yes,No,No internet service,No internet service,No internet service,No internet service,No internet service,No internet service,One year,No,Electronic check,31.05,540.3,No
CUST000193,Female,0,Yes,No,34,Yes,Yes,DSL,No,No,Yes,Yes,No,No,One year,Yes,Mailed check,41.28,1505.18,Yes
CUST000194,Female,0,No,Yes,66,Yes,Yes,Fiber optic,Yes,No,Yes,Yes,Yes,Yes,Two year,No,Electronic check,99.72,7093.73,No
CUST000195,Male,0,Yes,No,40,Yes,Yes,DSL,No,No,No,No,Yes,No,Month-to-month,Yes,Bank transfer (automatic),42.6,1693.04,Yes
CUST000196,Male,0,No,Yes,28,Yes,Yes,DSL,No,Yes,Yes,No,Yes,No,Month-to-month,Yes,Electronic check,65.18,1882.51,Yes
CUST000197,Female,0,No,Yes,47,No,No phone service,No,No internet service,No internet service,No internet service,No internet service,No internet service,No internet service,Two year,No,Bank transfer (automatic),89.39,4533.29,No
CUST000198,Female,0,No,Yes,39,Yes,No,DSL,No,No,No,Yes,No,No,Month-to-month,Yes,Electronic check,31.43,1199.53,Yes
CUST000199,Female,0,No,No,70,No,No phone service,DSL,No,No,No,No,No,Yes,Month-to-month,No,Electronic check,72.31,5529.16,Yes
CUST000200,Female,0,Yes,No,20,Yes,No,DSL,No,Yes,No,No,No,No,Month-to-month,No,Electronic check,49.39,971.16,No
CUST000201,Female,0,No,No,1,Yes,Yes,No,No internet service,No internet service,No internet service,No internet service,No internet service,No internet service,Month-to-month,Yes,Credit card (automatic),90.36,92.19,Yes
CUST000202,Male,0,Yes,No,72,Yes,No phone service,No,No internet service,No internet service,No internet service,No internet service,No internet service,No internet service,Month-to-month,No,Credit card (automatic),49.84,3739.06,Yes
CUST000203,Male,0,Yes,No,63,Yes,No,Fiber optic,Yes,No,No,Yes,Yes,No,Two year,No,Electronic check,78.07,5361.65,No
CUST000204,Female,0,Yes,No,67,Yes,No,No,No internet service,No internet service,No internet service,No internet service,No internet service,No internet service,Month-to-month,Yes,Bank transfer (automatic),77.2,4908.21,Yes
CUST000205,Female,0,Yes,No,4,Yes,No,DSL,Yes,Yes,No,No,No,Yes,Month-to-month,No,Bank transfer (automatic),45.5,190.96,Yes
CUST000206,Male,1,No,Yes,58,Yes,No phone service,Fiber optic,No,No,Yes,Yes,No,No,One year,Yes,Credit card (automatic),32.44,1889.35,Yes
CUST000207,Male,0,No,No,25,Yes,No,Fiber optic,No,No,Yes,Yes,Yes,No,Month-to-month,No,Mailed check,58.65,1398.38,No
CUST000208,Female,0,Yes,Yes,47,Yes,Yes,DSL,No,Yes,No,Yes,Yes,No,Month-to-month,No,Bank transfer (automatic),50.24,2491.91,Yes
CUST000209,Male,0,Yes,No,38,Yes,No,Fiber optic,Yes,No,No,Yes,Yes,Yes,One year,Yes,Electronic check,86.63,3326.32,Yes
CUST000210,Male,0,No,No,15,No,No phone service,No,No internet service,No internet service,No internet service,No internet service,No internet service,No internet service,Two year,Yes,Mailed check,86.03,1332.0,No
CUST000211,Female,0,Yes,Yes,63,Yes,No,DSL,No,No,Yes,No,No,No,One year,No,Credit card (automatic),61.99,3767.04,Yes
CUST000212,Female,0,Yes,Yes,21,No,No phone service,DSL,No,No,No,Yes,No,Yes,One year,Yes,Mailed check,72.46,1515.96,No
CUST000213,Female,0,Yes,No,57,Yes,Yes,DSL,No,No,No,Yes,No,No,Month-to-month,Yes,Electronic check,72.3,4217.83,Yes
CUST000214,Male,0,No,No,53,Yes,Yes,DSL,No,No,No,No,No,No,Two year,Yes,Electronic check,87.9,4570.1,No
CUST000215,Female,0,No,Yes,46,Yes,No phone service,No,No internet service,No internet service,No internet service,No internet service,No internet service,No internet service,Month-to-month,Yes,Bank transfer (automatic),59.75,2582.7,No
CUST000216,Male,1,Yes,No,14,Yes,No,Fiber optic,Yes,No,No,No,Yes,No,One year,Yes,Bank transfer (automatic),49.28,753.62,Yes
CUST000217,Male,0,Yes,Yes,17,Yes,No,Fiber optic,No,Yes,No,No,No,No,Month-to-month,Yes,Mailed check,48.55,827.24,Yes
CUST000218,Female,1,No,No,39,Yes,Yes,No,No internet service,No internet service,No internet service,No internet service,No internet service,No internet service,Two year,Yes,Credit card (automatic),67.53,2756.88,No
CUST000219,Female,0,No,No,9,Yes,Yes,DSL,No,No,No,Yes,Yes,No,One year,No,Electronic check,61.44,543.12,No
CUST000220,Female,0,Yes,Yes,6,No,No phone service,Fiber optic,Yes,No,No,Yes,No,No,One year,Yes,Electronic check,60.81,354.29,No
CUST000221,Female,1,No,Yes,23,Yes,No,Fiber optic,No,Yes,No,No,No,No,Month-to-month,Yes,Credit card (automatic),36.38,821.2,Yes
CUST000222,Female,0,Yes,Yes,59,Yes,No,Fiber optic,No,No,No,No,No,No,Month-to-month,Yes,Electronic check,80.3,4651.66,Yes
CUST000223,Male,0,Yes,No,46,Yes,No,No,No internet service,No internet service,No internet service,No internet service,No internet service,No internet service,One year,Yes,Electronic check,44.96,2086.43,Yes
CUST000224,Male,0,No,Yes,38,Yes,No,No,No internet service,No internet service,No internet service,No internet service,No internet service,No internet service,One year,Yes,Mailed check,43.79,1678.49,No
CUST000225,Male,0,Yes,No,14,Yes,Yes,Fiber optic,Yes,No,Yes,No,No,No,Month-to-month,Yes,Credit card (automatic),58.89,823.99,Yes
CUST000226,Male,1,No,Yes,72,Yes,No,No,No internet service,No internet service,No internet service,No internet service,No internet service,No internet service,Two year,Yes,Electronic check,45.94,3066.08,No
CUST000227,Female,0,Yes,No,62,Yes,No,DSL,No,No,No,No,Yes,Yes,Two year,No,Credit card (automatic),70.87,4390.49,No
CUST000228,Male,0,Yes,No,35,Yes,No,DSL,Yes,No,No,Yes,Yes,Yes,Month-to-month,No,Bank transfer (automatic),56.0,1830.29,No
CUST000229,Female,0,No,No,19,Yes,No,DSL,Yes,Yes,Yes,Yes,Yes,No,Two year,No,Electronic check,61.42,1079.72,No
CUST000230,Female,0,Yes,No,30,Yes,No phone service,DSL,No,No,Yes,No,No,Yes,Month-to-month,No,Bank transfer (automatic),67.6,2203.48,No
CUST000231,Female,0,No,No,25,Yes,Yes,Fiber optic,No,No,No,No,No,Yes,Month-to-month,No,Mailed check,44.25,1129.47,Yes
CUST000232,Male,0,Yes,No,40,Yes,No,Fiber optic,No,Yes,No,No,Yes,Yes,Month-to-month,Yes,Mailed check,40.9,1688.19,No
CUST000233,Female,0,Yes,No,14,Yes,Yes,No,No internet service,No internet service,No internet service,No internet service,No internet service,No internet service,One year,No,Bank transfer (automatic),91.63,1257.62,No
CUST000234,Male,0,Yes,No,26,Yes,No,Fiber optic,No,No,No,Yes,Yes,No,One year,Yes,Credit card (automatic),60.36,1697.73,No
CUST000235,Male,0,No,Yes,22,Yes,Yes,Fiber optic,Yes,No,Yes,Yes,Yes,No,Month-to-month,No,Electronic check,58.85,1330.42,Yes
CUST000236,Female,1,Yes,No,48,Yes,Yes,DSL,No,No,Yes,No,Yes,Yes,One year,No,Mailed check,32.49,1643.48,Yes
CUST000237,Male,0,No,No,51,Yes,No,DSL,No,No,No,No,Yes,No,One year,Yes,Mailed check,64.86,3220.9,Yes
CUST000238,Male,0,Yes,Yes,3,Yes,Yes,Fiber optic,No,No,Yes,No,Yes,No,One year,Yes,Mailed check,68.79,225.36,Yes
CUST000239,Female,0,No,No,42,Yes,No,Fiber optic,No,No,No,No,No,No,Month-to-month,Yes,Mailed check,69.12,3089.1,No
CUST000240,Male,0,Yes,No,19,Yes,No phone service,No,No internet service,No internet service,No internet service,No internet service,No internet service,No internet service,Two year,No,Electronic check,79.49,1617.22,Yes
CUST000241,Female,0,No,No,28,Yes,Yes,DSL,Yes,No,Yes,No,No,No,Month-to-month,No,Bank transfer (automatic),42.42,1109.89,Yes
CUST000242,Female,0,No,No,45,Yes,No,DSL,No,No,Yes,Yes,Yes,Yes,Month-to-month,No,Mailed check,47.66,2046.46,No
CUST000243,Female,0,No,No,71,Yes,No,Fiber optic,Yes,No,No,No,Yes,Yes,Month-to-month,Yes,Electronic check,86.75,5895.17,No
CUST000244,Male,0,No,Yes,63,Yes,No,DSL,Yes,No,No,No,Yes,Yes,Month-to-month,No,Credit card (automatic),96.3,5788.93,Yes
CUST000245,Male,0,No,No,19,Yes,Yes,DSL,No,No,No,Yes,No,No,Two year,Yes,Credit card (automatic),39.52,804.25,No
CUST000246,Female,1,No,No,47,Yes,Yes,Fiber optic,No,No,Yes,No,Yes,Yes,Month-to-month,No,Mailed check,64.84,2762.17,Yes
CUST000247,Male,0,Yes,Yes,14,Yes,Yes,DSL,No,Yes,Yes,No,No,Yes,One year,Yes,Electronic check,44.99,576.46,Yes
CUST000248,Female,0,Yes,Yes,38,Yes,Yes,Fiber optic,No,No,No,No,No,Yes,Month-to-month,Yes,Bank transfer (automatic),34.21,1241.2,Yes
CUST000249,Female,1,No,No,53,Yes,Yes,DSL,No,No,No,Yes,No,No,Month-to-month,Yes,Electronic check,52.79,2629.93,Yes
CUST000250,Female,0,No,Yes,61,Yes,No,DSL,No,Yes,No,No,No,No,Two year,No,Electronic check,40.06,2312.61,No
CUST000251,Male,0,No,No,36,Yes,No,Fiber optic,No,No,Yes,Yes,Yes,Yes,One year,No,Bank transfer (automatic),79.7,3040.17,Yes
CUST000252,Male,1,Yes,Yes,40,Yes,No,No,No internet service,No internet service,No internet service,No internet service,No internet service,No internet service,Month-to-month,Yes,Electronic check,67.36,2728.42,Yes
CUST000253,Female,0,Yes,Yes,30,Yes,No,Fiber optic,No,No,No,Yes,Yes,No,Month-to-month,Yes,Electronic check,40.07,1083.28,Yes
CUST000254,Male,0,Yes,Yes,9,Yes,Yes,No,No internet service,No internet service,No internet service,No internet service,No internet service,No internet service,Month-to-month,No,Electronic check,30.65,271.95,Yes
CUST000255,Male,0,No,No,64,Yes,Yes,DSL,No,Yes,No,No,Yes,Yes,Month-to-month,Yes,Electronic check,86.57,5438.41,Yes
CUST000256,Female,0,Yes,No,33,Yes,Yes,No,No internet service,No internet service,No internet service,No internet service,No internet service,No internet service,One year,No,Electronic check,42.33,1289.03,No
CUST000257,Female,0,Yes,No,52,Yes,Yes,DSL,No,Yes,No,Yes,No,Yes,One year,Yes,Credit card (automatic),72.44,3899.58,No
CUST000258,Female,0,Yes,No,14,Yes,No,Fiber optic,Yes,No,No,Yes,Yes,No,Month-to-month,Yes,Electronic check,53.58,780.44,No
CUST000259,Female,1,Yes,Yes,53,Yes,No,Fiber optic,No,No,No,No,No,Yes,Two year,No,Electronic check,70.98,3928.14,No
CUST000260,Male,0,No,No,59,Yes,Yes,No,No internet service,No internet service,No internet service,No internet service,No internet service,No internet service,One year,No,Electronic check,52.1,3214.36,No
CUST000261,Female,0,Yes,No,41,Yes,Yes,Fiber optic,No,Yes,No,No,Yes,Yes,Month-to-month,Yes,Credit card (automatic),36.09,1331.74,Yes
CUST000262,Female,0,No,No,68,Yes,No,DSL,No,No,No,Yes,Yes,No,Month-to-month,Yes,Mailed check,45.61,3383.05,Yes
CUST000263,Male,0,Yes,Yes,68,Yes,No,DSL,No,No,Yes,No,Yes,Yes,One year,No,Mailed check,43.16,3119.31,No
CUST000264,Female,0,Yes,No,8,Yes,Yes,No,No internet service,No internet service,No internet service,No internet service,No internet service,No internet service,One year,Yes,Credit card (automatic),59.96,518.44,No
CUST000265,Female,0,Yes,Yes,2,Yes,No phone service,Fiber optic,No,No,No,Yes,No,Yes,Month-to-month,No,Mailed check,76.08,137.42,Yes
CUST000266,Female,0,Yes,No,41,Yes,No phone service,No,No internet service,No internet service,No internet service,No internet service,No internet service,No internet service,Month-to-month,Yes,Electronic check,48.47,2159.71,Yes
CUST000267,Female,0,Yes,No,55,Yes,Yes,DSL,No,No,No,No,No,No,Month-to-month,Yes,Electronic check,30.84,1801.29,No
CUST000268,Female,1,Yes,No,16,No,No phone service,DSL,No,No,Yes,No,No,No,Two year,No,Mailed check,66.33,1132.86,No
CUST000269,Male,0,No,No,62,Yes,No,DSL,Yes,No,No,No,Yes,No,Month-to-month,No,Electronic check,72.4,4123.67,Yes
CUST000270,Male,0,Yes,No,48,Yes,No phone service,No,No internet service,No internet service,No internet service,No internet service,No internet service,No internet service,Month-to-month,Yes,Bank transfer (automatic),97.4,4898.47,Yes
CUST000271,Female,0,No,No,30,Yes,No,Fiber optic,Yes,No,Yes,No,No,Yes,One year,No,Electronic check,71.26,2334.44,No
CUST000272,Female,1,No,No,12,Yes,Yes,No,No internet service,No internet service,No internet service,No internet service,No internet service,No internet service,Two year,Yes,Mailed check,62.98,782.75,No
CUST000273,Female,0,No,No,35,Yes,Yes,DSL,No,No,Yes,Yes,Yes,Yes,Two year,Yes,Electronic check,70.14,2489.54,No
CUST000274,Female,0,Yes,No,11,Yes,No,Fiber optic,No,Yes,Yes,Yes,No,No,Month-to-month,No,Electronic check,94.95,1137.54,Yes
CUST000275,Female,0,Yes,No,64,No,No phone service,Fiber optic,Yes,Yes,No,No,No,No,Month-to-month,No,Mailed check,87.99,5567.09,Yes
CUST000276,Male,0,Yes,No,50,Yes,Yes,DSL,Yes,No,No,No,No,Yes,Month-to-month,No,Credit card (automatic),52.61,2682.74,No
CUST000277,Female,0,Yes,No,21,Yes,No,No,No internet service,No internet service,No internet service,No internet service,No internet service,No internet service,Month-to-month,Yes,Mailed check,46.61,974.18,No
CUST000278,Female,0,No,No,69,Yes,No,No,No internet service,No internet service,No internet service,No internet service,No internet service,No internet service,Two year,Yes,Bank transfer (automatic),48.38,3627.21,No
CUST000279,Female,0,Yes,Yes,48,Yes,No,No,No internet service,No internet service,No internet service,No internet service,No internet service,No internet service,Month-to-month,Yes,Electronic check,65.31,2869.1,Yes
CUST000280,Female,0,Yes,No,20,Yes,No,Fiber optic,No,No,No,No,Yes,No,Month-to-month,Yes,Electronic check,82.08,1641.97,Yes
CUST000281,Female,0,No,Yes,67,Yes,No,DSL,No,Yes,No,Yes,Yes,No,Month-to-month,No,Electronic check,65.23,4533.82,Yes
CUST000282,Male,0,No,No,44,Yes,No,DSL,Yes,No,No,No,No,No,Month-to-month,Yes,Electronic check,34.75,1618.27,Yes
CUST000283,Male,0,No,No,33,Yes,No,No,No internet service,No internet service,No internet service,No internet service,No internet service,No internet service,One year,No,Electronic check,80.65,2705.64,No
CUST000284,Male,0,Yes,No,61,Yes,Yes,DSL,Yes,No,No,Yes,No,Yes,Month-to-month,Yes,Electronic check,86.42,5702.75,Yes
CUST000285,Female,0,Yes,No,9,Yes,No,Fiber optic,No,No,Yes,No,Yes,Yes,Month-to-month,Yes,Bank transfer (automatic),50.26,492.33,No
CUST000286,Male,1,Yes,No,68,Yes,Yes,Fiber optic,No,Yes,Yes,No,No,No,Month-to-month,Yes,Electronic check,76.49,4748.1,Yes
CUST000287,Male,0,Yes,No,35,Yes,No,Fiber optic,Yes,No,No,No,Yes,No,Month-to-month,Yes,Mailed check,59.86,2054.19,Yes
CUST000288,Female,0,Yes,No,65,Yes,Yes,No,No internet service,No internet service,No internet service,No internet service,No internet service,No internet service,Month-to-month,Yes,Mailed check,92.24,5424.17,Yes
CUST000289,Male,0,Yes,Yes,8,Yes,Yes,DSL,No,Yes,No,No,No,No,One year,No,Mailed check,89.17,689.02,Yes
CUST000290,Female,1,Yes,No,45,Yes,Yes,DSL,Yes,No,No,Yes,Yes,Yes,One year,Yes,Mailed check,66.78,3027.26,Yes
CUST000291,Male,0,Yes,Yes,47,No,No phone service,DSL,No,No,No,No,Yes,No,One year,No,Electronic check,78.41,3988.05,Yes
CUST000292,Male,0,Yes,No,40,Yes,No,Fiber optic,No,No,Yes,Yes,Yes,Yes,Two year,Yes,Electronic check,91.83,3927.79,No
CUST000293,Female,0,No,No,54,Yes,No,DSL,Yes,No,Yes,Yes,Yes,Yes,Two year,No,Bank transfer (automatic),64.7,3233.51,No
CUST000294,Male,0,No,No,46,Yes,No,DSL,No,Yes,Yes,Yes,No,No,Two year,Yes,Credit card (automatic),51.93,2194.35,No
CUST000295,Male,0,No,Yes,47,Yes,Yes,No,No internet service,No internet service,No internet service,No internet service,No internet service,No internet service,Month-to-month,No,Electronic check,82.76,3959.16,Yes
CUST000296,Female,1,Yes,Yes,15,Yes,Yes,No,No internet service,No internet service,No internet service,No internet service,No internet service,No internet service,Month-to-month,Yes,Electronic check,45.4,685.37,No
CUST000297,Female,1,Yes,No,19,Yes,Yes,DSL,No,No,No,Yes,Yes,No,Month-to-month,No,Credit card (automatic),57.2,1036.02,No
CUST000298,Male,0,Yes,Yes,26,Yes,Yes,Fiber optic,No,Yes,No,Yes,Yes,No,Two year,No,Electronic check,90.6,2543.79,No
CUST000299,Female,0,No,Yes,52,Yes,No,No,No internet service,No internet service,No internet service,No internet service,No internet service,No internet service,Two year,Yes,Mailed check,80.71,4555.64,No
CUST000300,Male,1,No,Yes,22,Yes,Yes,DSL,No,No,No,Yes,Yes,Yes,Two year,Yes,Mailed check,58.27,1256.97,No
CUST000301,Male,0,Yes,No,21,Yes,Yes,DSL,No,No,No,Yes,No,Yes,Month-to-month,Yes,Electronic check,45.03,1019.45,Yes
CUST000302,Female,0,No,No,51,Yes,Yes,DSL,No,No,Yes,Yes,No,No,Two year,No,Mailed check,54.92,2735.91,No
CUST000303,Female,0,Yes,No,38,Yes,Yes,Fiber optic,Yes,Yes,No,No,Yes,No,Month-to-month,Yes,Mailed check,49.89,1985.61,Yes
CUST000304,Female,0,No,Yes,20,Yes,No,DSL,No,Yes,No,No,No,No,Month-to-month,Yes,Electronic check,42.33,842.53,Yes
CUST000305,Female,0,No,No,29,Yes,No,No,No internet service,No internet service,No internet service,No internet service,No internet service,No internet service,Month-to-month,Yes,Mailed check,82.03,2199.3,No
CUST000306,Female,0,No,No,51,Yes,Yes,Fiber optic,No,No,No,No,No,No,Month-to-month,Yes,Bank transfer (automatic),47.64,2637.59,Yes
CUST000307,Female,1,No,No,4,No,No phone service,Fiber optic,No,No,No,No,Yes,Yes,Month-to-month,No,Mailed check,61.79,244.89,Yes
CUST000308,Male,1,No,Yes,55,No,No phone service,DSL,Yes,No,No,No,Yes,Yes,Month-to-month,Yes,Electronic check,57.01,3282.6,No
CUST000309,Female,0,Yes,Yes,71,Yes,Yes,Fiber optic,No,Yes,Yes,No,No,No,Month-to-month,No,Mailed check,98.75,6824.99,Yes
CUST000310,Male,0,No,Yes,28,No,No phone service,Fiber optic,Yes,No,No,No,No,No,One year,No,Bank transfer (automatic),57.38,1452.04,No
CUST000311,Male,1,Yes,No,4,Yes,No phone service,No,No internet service,No internet service,No internet service,No internet service,No internet service,No internet service,Two year,Yes,Bank transfer (automatic),35.6,131.02,Yes
CUST000312,Male,0,No,No,22,No,No phone service,No,No internet service,No internet service,No internet service,No internet service,No internet service,No internet service,One year,No,Bank transfer (automatic),36.29,797.78,No
CUST000313,Male,0,No,Yes,45,Yes,No,Fiber optic,No,No,No,No,No,No,Month-to-month,Yes,Electronic check,71.35,3332.74,No
CUST000314,Female,1,No,Yes,67,Yes,No,No,No internet service,No internet service,No internet service,No internet service,No internet service,No internet service,Two year,No,Bank transfer (automatic),71.96,4661.96,Yes
CUST000315,Female,1,Yes,Yes,66,Yes,No,No,No internet service,No internet service,No internet service,No internet service,No internet service,No internet service,Two year,Yes,Bank transfer (automatic),59.31,4067.51,Yes
CUST000316,Female,0,No,No,34,Yes,No,No,No internet service,No internet service,No internet service,No internet service,No internet service,No internet service,Month-to-month,No,Electronic check,60.23,2129.17,No
CUST000317,Male,0,No,Yes,55,Yes,No,DSL,No,No,No,No,No,No,Month-to-month,Yes,Mailed check,33.78,1933.68,No
CUST000318,Male,0,No,No,1,Yes,No,DSL,No,Yes,No,Yes,No,No,Month-to-month,Yes,Electronic check,66.16,66.06,Yes
CUST000319,Male,0,Yes,No,72,Yes,Yes,DSL,No,Yes,No,No,No,No,Month-to-month,Yes,Bank transfer (automatic),65.33,5094.06,No
CUST000320,Male,0,Yes,No,38,Yes,No,Fiber optic,Yes,Yes,No,No,Yes,No,One year,Yes,Electronic check,40.47,1534.54,No
CUST000321,Female,0,Yes,Yes,6,Yes,No,Fiber optic,Yes,Yes,No,No,No,Yes,Two year,No,Mailed check,37.27,221.4,No
CUST000322,Female,0,Yes,Yes,25,Yes,No,Fiber optic,No,No,No,No,No,No,Month-to-month,Yes,Credit card (automatic),38.65,908.16,Yes
CUST000323,Female,0,No,No,17,Yes,No,No,No internet service,No internet service,No internet service,No internet service,No internet service,No internet service,Two year,No,Bank transfer (automatic),37.07,605.95,No
CUST000324,Male,0,Yes,No,61,Yes,No,No,No internet service,No internet service,No internet service,No internet service,No internet service,No internet service,Two year,Yes,Credit card (automatic),72.68,4027.67,No
CUST000325,Female,0,No,No,12,Yes,Yes,No,No internet service,No internet service,No internet service,No internet service,No internet service,No internet service,Two year,No,Credit card (automatic),43.75,539.02,No
CUST000326,Female,1,Yes,No,6,Yes,No,DSL,No,No,No,Yes,Yes,Yes,Month-to-month,Yes,Electronic check,47.6,271.24,Yes
CUST000327,Female,0,Yes,Yes,27,Yes,Yes,Fiber optic,No,No,Yes,No,Yes,Yes,Two year,Yes,Bank transfer (automatic),42.15,1093.47,No
CUST000328,Female,0,No,No,8,No,No phone service,DSL,Yes,No,No,No,No,Yes,Month-to-month,Yes,Mailed check,97.05,818.45,Yes
CUST000329,Male,0,No,No,65,Yes,Yes,DSL,No,No,No,No,No,No,One year,No,Credit card (automatic),89.82,5636.55,Yes
CUST000330,Male,0,Yes,Yes,57,Yes,No,DSL,No,Yes,Yes,No,No,No,Month-to-month,Yes,Electronic check,46.13,2493.84,Yes
CUST000331,Male,0,No,No,40,Yes,Yes,DSL,No,No,No,No,No,No,Month-to-month,No,Credit card (automatic),52.93,1977.07,No
CUST000332,Female,0,No,No,14,Yes,Yes,Fiber optic,No,No,No,No,No,No,One year,No,Bank transfer (automatic),44.69,660.05,Yes
CUST000333,Male,0,Yes,No,35,Yes,No,No,No internet service,No internet service,No internet service,No internet service,No internet service,No internet service,Month-to-month,Yes,Bank transfer (automatic),64.43,2088.04,No
CUST000334,Male,0,No,No,48,Yes,Yes,DSL,Yes,No,Yes,No,Yes,Yes,Month-to-month,No,Electronic check,31.37,1491.83,No
CUST000335,Male,0,No,No,56,Yes,No,Fiber optic,No,No,No,No,No,Yes,Month-to-month,Yes,Electronic check,77.0,4317.98,Yes
CUST000336,Male,0,No,No,49,Yes,No,Fiber optic,No,No,No,No,Yes,Yes,One year,Yes,Bank transfer (automatic),66.62,3386.72,No
CUST000337,Female,1,Yes,Yes,13,Yes,Yes,DSL,No,Yes,Yes,Yes,No,Yes,Month-to-month,No,Electronic check,92.9,1239.89,No
CUST000338,Female,0,No,No,61,Yes,No,Fiber optic,No,No,No,No,No,No,Two year,No,Credit card (automatic),41.51,2689.47,No
CUST000339,Male,0,Yes,No,49,No,No phone service,DSL,No,No,No,No,No,No,Month-to-month,No,Electronic check,86.29,3843.23,Yes
CUST000340,Male,0,Yes,Yes,46,Yes,No,Fiber optic,No,No,Yes,Yes,No,No,Month-to-month,Yes,Bank transfer (automatic),85.44,3770.23,No
CUST000341,Male,0,Yes,No,62,Yes,No,Fiber optic,Yes,Yes,No,Yes,Yes,Yes,Month-to-month,Yes,Mailed check,38.9,2305.75,No
CUST000342,Male,0,Yes,No,8,Yes,No,DSL,No,No,No,Yes,Yes,No,Month-to-month,Yes,Bank transfer (automatic),57.9,430.41,No
CUST000343,Male,0,No,No,43,Yes,No,DSL,No,Yes,Yes,No,No,Yes,Month-to-month,No,Bank transfer (automatic),41.91,1726.14,Yes
CUST000344,Male,1,No,No,20,Yes,Yes,Fiber optic,No,Yes,Yes,No,Yes,Yes,Month-to-month,Yes,Electronic check,47.83,920.2,No
CUST000345,Male,0,No,No,39,Yes,Yes,No,No internet service,No internet service,No internet service,No internet service,No internet service,No internet service,Two year,No,Electronic check,48.43,1897.04,No
CUST000346,Female,0,Yes,Yes,49,Yes,No,DSL,Yes,Yes,Yes,Yes,Yes,No,One year,Yes,Electronic check,68.94,3488.66,Yes
CUST000347,Female,0,Yes,Yes,64,Yes,No,Fiber optic,No,No,No,No,No,Yes,Month-to-month,Yes,Mailed check,58.8,3673.71,Yes
CUST000348,Male,1,Yes,Yes,62,Yes,No,Fiber optic,No,Yes,No,Yes,No,No,Month-to-month,Yes,Mailed check,96.34,6235.26,No
CUST000349,Male,0,No,No,54,Yes,No,No,No internet service,No internet service,No internet service,No internet service,No internet service,No internet service,Two year,Yes,Bank transfer (automatic),38.85,2029.16,No
CUST000350,Female,0,Yes,No,9,Yes,No,No,No internet service,No internet service,No internet service,No internet service,No internet service,No internet service,Month-to-month,Yes,Mailed check,98.16,846.39,Yes
CUST000351,Male,0,No,Yes,37,Yes,No,Fiber optic,No,Yes,Yes,Yes,Yes,No,Month-to-month,No,Mailed check,46.14,1721.24,No
CUST000352,Female,0,No,No,49,Yes,Yes,Fiber optic,Yes,Yes,No,No,No,No,One year,No,Mailed check,84.1,3728.36,No
CUST000353,Female,0,Yes,No,41,Yes,No,No,No internet service,No internet service,No internet service,No internet service,No internet service,No internet service,One year,Yes,Electronic check,53.73,2017.79,No
CUST000354,Male,1,No,No,17,Yes,No,Fiber optic,Yes,Yes,No,No,No,Yes,One year,Yes,Electronic check,40.02,669.18,No
CUST000355,Male,0,Yes,No,21,Yes,Yes,DSL,No,Yes,No,No,No,No,Month-to-month,Yes,Credit card (automatic),90.05,2058.56,Yes
CUST000356,Female,0,No,Yes,51,No,No phone service,DSL,Yes,No,Yes,No,No,No,Month-to-month,No,Credit card (automatic),51.62,2749.25,No
CUST000357,Male,0,No,No,59,Yes,No,No,No internet service,No internet service,No internet service,No internet service,No internet service,No internet service,One year,Yes,Electronic check,76.12,4121.13,No
CUST000358,Female,0,Yes,No,39,Yes,No,No,No internet service,No internet service,No internet service,No internet service,No internet service,No internet service,Month-to-month,No,Mailed check,69.65,2904.49,No
CUST000359,Female,0,Yes,No,55,Yes,Yes,DSL,No,No,No,No,No,No,Month-to-month,Yes,Credit card (automatic),63.02,3627.14,No
CUST000360,Female,0,No,No,41,No,No phone service,Fiber optic,No,No,No,Yes,No,No,Month-to-month,Yes,Mailed check,64.71,2711.98,Yes
CUST000361,Male,0,No,No,39,Yes,No,Fiber optic,No,No,Yes,No,No,No,Month-to-month,No,Electronic check,81.26,3372.15,Yes
CUST000362,Female,0,Yes,No,13,No,No phone service,DSL,No,No,Yes,No,No,No,Two year,Yes,Electronic check,36.14,460.81,No
CUST000363,Male,0,No,Yes,64,No,No phone service,No,No internet service,No internet service,No internet service,No internet service,No internet service,No internet service,Two year,Yes,Mailed check,76.77,4639.61,Yes
CUST000364,Female,0,No,No,11,Yes,Yes,DSL,No,Yes,Yes,Yes,Yes,No,One year,Yes,Credit card (automatic),92.71,1022.26,Yes
CUST000365,Female,0,No,No,19,No,No phone service,DSL,Yes,No,Yes,No,Yes,Yes,Month-to-month,Yes,Bank transfer (automatic),34.05,653.27,No
CUST000366,Male,0,Yes,No,11,Yes,Yes,Fiber optic,No,Yes,Yes,No,No,Yes,Month-to-month,Yes,Electronic check,39.85,441.71,Yes
CUST000367,Female,0,No,Yes,46,Yes,No,Fiber optic,No,Yes,Yes,No,Yes,Yes,Month-to-month,No,Electronic check,80.16,3735.35,Yes
CUST000368,Female,0,No,Yes,45,Yes,No phone service,DSL,No,Yes,No,No,No,No,Month-to-month,No,Bank transfer (automatic),60.61,2972.21,No
CUST000369,Male,1,Yes,Yes,1,Yes,Yes,Fiber optic,Yes,Yes,Yes,No,No,Yes,Two year,Yes,Credit card (automatic),58.25,62.94,No
CUST000370,Male,1,Yes,No,40,Yes,No,Fiber optic,Yes,Yes,No,Yes,Yes,No,Month-to-month,No,Bank transfer (automatic),39.59,1702.6,No
CUST000371,Male,0,No,No,19,Yes,Yes,DSL,Yes,No,No,No,Yes,Yes,Month-to-month,Yes,Bank transfer (automatic),65.47,1318.92,No
CUST000372,Male,0,Yes,Yes,72,No,No phone service,DSL,No,Yes,No,No,No,Yes,Month-to-month,Yes,Electronic check,38.86,3046.06,Yes
CUST000373,Male,0,No,No,72,Yes,No,Fiber optic,No,No,Yes,Yes,Yes,No,One year,Yes,Credit card (automatic),63.36,4195.59,No
CUST000374,Female,0,Yes,No,61,Yes,No,DSL,Yes,Yes,No,Yes,No,Yes,Month-to-month,Yes,Bank transfer (automatic),83.45,4851.32,No
CUST000375,Male,0,Yes,No,12,No,No phone service,No,No internet service,No internet service,No internet service,No internet service,No internet service,No internet service,Month-to-month,Yes,Electronic check,48.08,576.39,Yes
CUST000376,Male,0,No,No,61,No,No phone service,No,No internet service,No internet service,No internet service,No internet service,No internet service,No internet service,Month-to-month,No,Bank transfer (automatic),63.66,4152.4,Yes
CUST000377,Female,0,Yes,No,33,No,No phone service,No,No internet service,No internet service,No internet service,No internet service,No internet service,No internet service,Two year,Yes,Electronic check,99.44,3284.91,No
CUST000378,Male,0,Yes,No,45,Yes,Yes,DSL,No,No,No,No,Yes,No,Month-to-month,Yes,Electronic check,78.07,3687.43,Yes
CUST000379,Female,0,Yes,Yes,69,No,No phone service,No,No internet service,No internet service,No internet service,No internet service,No internet service,No internet service,Two year,Yes,Electronic check,88.89,5690.53,No
CUST000380,Male,0,No,No,8,Yes,Yes,Fiber optic,No,Yes,No,No,Yes,No,Two year,No,Electronic check,59.04,448.93,No
CUST000381,Male,0,Yes,No,25,Yes,Yes,DSL,No,No,No,No,Yes,No,Month-to-month,No,Electronic check,83.75,2190.81,Yes
CUST000382,Female,0,Yes,No,46,Yes,Yes,DSL,No,Yes,No,No,No,Yes,One year,Yes,Mailed check,32.84,1409.35,No
CUST000383,Female,0,No,No,30,Yes,No,DSL,No,No,No,No,No,Yes,Month-to-month,Yes,Mailed check,38.6,1123.57,No
CUST000384,Female,0,Yes,No,47,Yes,No,Fiber optic,Yes,Yes,Yes,Yes,Yes,No,Two year,Yes,Mailed check,44.21,1980.15,No
CUST000385,Female,0,No,Yes,49,Yes,No,Fiber optic,No,No,No,No,No,Yes,Month-to-month,Yes,Electronic check,58.14,2763.32,No
CUST000386,Female,0,Yes,No,47,Yes,No,DSL,Yes,Yes,No,No,No,Yes,Month-to-month,Yes,Electronic check,89.2,4367.08,Yes
CUST000387,Male,0,No,Yes,18,Yes,Yes,Fiber optic,No,No,No,Yes,Yes,No,Month-to-month,Yes,Bank transfer (automatic),54.24,950.52,No
CUST000388,Male,0,Yes,Yes,66,Yes,Yes,DSL,No,No,No,Yes,Yes,No,Month-to-month,Yes,Mailed check,75.82,5059.43,No
CUST000389,Female,0,No,No,68,Yes,No,Fiber optic,Yes,No,No,Yes,No,Yes,Two year,Yes,Electronic check,79.65,4982.83,No
CUST000390,Female,0,Yes,No,33,Yes,No,Fiber optic,No,No,Yes,Yes,No,Yes,Month-to-month,Yes,Credit card (automatic),71.03,2486.98,Yes
CUST000391,Female,0,Yes,Yes,36,Yes,Yes,No,No internet service,No internet service,No internet service,No internet service,No internet service,No internet service,One year,No,Bank transfer (automatic),55.01,1928.83,No
CUST000392,Male,1,Yes,No,19,Yes,No,No,No internet service,No internet service,No internet service,No internet service,No internet service,No internet service,Month-to-month,No,Credit card (automatic),70.39,1377.14,Yes
CUST000393,Male,0,Yes,No,28,Yes,No,Fiber optic,No,Yes,No,No,Yes,No,Two year,Yes,Mailed check,53.96,1578.99,No
CUST000394,Female,0,Yes,Yes,40,No,No phone service,Fiber optic,No,Yes,Yes,No,No,No,Month-to-month,Yes,Electronic check,35.87,1351.48,No
CUST000395,Male,0,Yes,No,15,Yes,Yes,Fiber optic,No,Yes,Yes,No,No,No,Month-to-month,Yes,Bank transfer (automatic),99.5,1607.33,No
CUST000396,Female,0,No,No,41,Yes,No,No,No internet service,No internet service,No internet service,No internet service,No internet service,No internet service,Month-to-month,Yes,Electronic check,38.9,1631.97,No
CUST000397,Female,0,Yes,No,39,Yes,No,DSL,No,No,No,No,Yes,No,One year,No,Mailed check,35.06,1347.85,Yes
CUST000398,Male,1,Yes,Yes,2,Yes,No,DSL,No,No,Yes,Yes,Yes,Yes,Month-to-month,Yes,Electronic check,91.5,171.37,Yes
CUST000399,Female,0,No,No,63,Yes,No,DSL,No,Yes,No,No,Yes,No,Month-to-month,No,Credit card (automatic),51.13,3506.14,No
CUST000400,Female,0,No,No,29,Yes,No,Fiber optic,Yes,No,Yes,No,No,Yes,Month-to-month,No,Electronic check,75.52,2301.8,Yes
CUST000401,Male,0,Yes,No,66,Yes,No,Fiber optic,No,Yes,Yes,Yes,No,Yes,One year,Yes,Credit card (automatic),53.03,3295.6,No
CUST000402,Female,0,Yes,Yes,51,Yes,Yes,No,No internet service,No internet service,No internet service,No internet service,No internet service,No internet service,Month-to-month,Yes,Credit card (automatic),57.4,2832.38,No
CUST000403,Male,0,Yes,No,10,Yes,No,DSL,No,No,No,No,Yes,No,One year,Yes,Mailed check,48.35,513.45,No
CUST000404,Female,0,No,Yes,14,Yes,No,Fiber optic,Yes,No,Yes,No,Yes,No,Month-to-month,Yes,Bank transfer (automatic),54.01,785.73,Yes
CUST000405,Male,0,No,No,51,Yes,No,No,No internet service,No internet service,No internet service,No internet service,No internet service,No internet service,Two year,Yes,Bank transfer (automatic),58.75,3155.52,No
CUST000406,Female,1,Yes,Yes,39,Yes,Yes,No,No internet service,No internet service,No internet service,No internet service,No internet service,No internet service,Two year,Yes,Credit card (automatic),80.43,3099.88,No
CUST000407,Male,0,No,No,28,Yes,Yes,Fiber optic,No,Yes,Yes,No,No,No,Month-to-month,No,Mailed check,65.81,1922.46,No
CUST000408,Male,0,No,No,3,Yes,No,Fiber optic,No,No,No,No,Yes,No,Month-to-month,Yes,Bank transfer (automatic),96.05,281.61,Yes
CUST000409,Female,0,No,No,70,No,No phone service,DSL,Yes,Yes,No,No,No,Yes,Month-to-month,Yes,Mailed check,32.93,2171.99,Yes
CUST000410,Male,0,No,Yes,27,No,No phone service,No,No internet service,No internet service,No internet service,No internet service,No internet service,No internet service,Month-to-month,No,Credit card (automatic),65.21,1807.39,No
CUST000411,Male,0,Yes,No,2,Yes,No,DSL,No,No,No,No,Yes,No,Month-to-month,No,Mailed check,70.9,155.3,Yes
CUST000412,Female,0,Yes,No,38,Yes,No,No,No internet service,No internet service,No internet service,No internet service,No internet service,No internet service,One year,Yes,Mailed check,94.41,3451.68,No
CUST000413,Female,0,Yes,No,3,Yes,No,Fiber optic,Yes,Yes,Yes,No,Yes,No,Month-to-month,No,Bank transfer (automatic),33.44,99.54,No
CUST000414,Female,0,Yes,No,16,Yes,No,Fiber optic,No,No,No,No,Yes,No,Two year,Yes,Credit card (automatic),70.14,1161.29,No
CUST000415,Female,0,No,No,40,Yes,No,DSL,Yes,No,No,Yes,No,Yes,Month-to-month,Yes,Mailed check,89.75,3619.8,No
CUST000416,Male,0,No,No,2,No,No phone service,Fiber optic,No,No,Yes,Yes,No,Yes,One year,Yes,Electronic check,46.93,100.31,Yes
CUST000417,Male,0,Yes,No,41,No,No phone service,Fiber optic,No,Yes,Yes,Yes,No,Yes,Month-to-month,Yes,Mailed check,91.34,3940.98,No
CUST000418,Male,1,Yes,No,12,Yes,No,DSL,No,Yes,No,No,No,No,Month-to-month,No,Credit card (automatic),31.33,342.75,Yes
CUST000419,Female,0,Yes,No,35,Yes,No,Fiber optic,No,No,No,Yes,Yes,Yes,Month-to-month,No,Bank transfer (automatic),81.27,3128.0,Yes
CUST000420,Female,0,No,No,65,Yes,Yes,No,No internet service,No internet service,No internet service,No internet service,No internet service,No internet service,Month-to-month,No,Credit card (automatic),95.32,6508.57,No
CUST000421,Female,1,Yes,No,55,Yes,Yes,Fiber optic,No,Yes,Yes,No,No,No,Month-to-month,Yes,Electronic check,76.0,4484.22,Yes
CUST000422,Female,0,Yes,Yes,45,Yes,Yes,Fiber optic,No,No,No,No,No,No,One year,Yes,Mailed check,60.73,2815.49,No
CUST000423,Male,1,Yes,No,62,Yes,Yes,DSL,No,Yes,No,No,No,Yes,Two year,Yes,Bank transfer (automatic),33.14,2201.09,No
CUST000424,Male,0,Yes,No,49,Yes,Yes,Fiber optic,No,No,No,Yes,Yes,Yes,Month-to-month,Yes,Credit card (automatic),94.41,4267.46,No
CUST000425,Male,0,No,No,25,Yes,No,DSL,No,No,No,No,No,No,Month-to-month,No,Electronic check,62.92,1525.1,No
CUST000426,Female,0,No,Yes,23,Yes,No phone service,Fiber optic,No,No,Yes,No,Yes,No,Month-to-month,No,Credit card (automatic),32.03,792.15,Yes
CUST000427,Male,0,Yes,No,24,No,No phone service,No,No internet service,No internet service,No internet service,No internet service,No internet service,No internet service,Month-to-month,Yes,Mailed check,78.29,1766.84,Yes
CUST000428,Female,0,No,No,38,Yes,Yes,Fiber optic,No,No,No,No,No,Yes,Month-to-month,Yes,Electronic check,63.73,2217.46,No
CUST000429,Male,0,No,No,28,Yes,Yes,DSL,No,Yes,No,No,No,Yes,One year,Yes,Electronic check,38.7,1146.04,No
CUST000430,Male,0,No,Yes,21,Yes,No,Fiber optic,Yes,Yes,Yes,Yes,No,No,Two year,Yes,Electronic check,45.0,1008.41,Yes
CUST000431,Male,0,Yes,No,54,Yes,Yes,Fiber optic,No,No,No,Yes,No,Yes,Two year,Yes,Mailed check,34.51,1737.81,No
CUST000432,Female,0,Yes,No,18,Yes,No,Fiber optic,No,No,No,Yes,No,No,Month-to-month,Yes,Electronic check,70.2,1353.15,Yes
CUST000433,Female,1,Yes,No,36,Yes,No,No,No internet service,No internet service,No internet service,No internet service,No internet service,No internet service,Two year,Yes,Electronic check,73.54,2746.33,No
CUST000434,Male,0,No,No,45,Yes,No,No,No internet service,No internet service,No internet service,No internet service,No internet service,No internet service,One year,Yes,Credit card (automatic),65.4,2954.82,No
CUST000435,Male,0,Yes,No,53,Yes,Yes,Fiber optic,No,No,Yes,No,No,No,Month-to-month,Yes,Electronic check,87.2,4926.86,Yes
CUST000436,Female,0,Yes,No,30,No,No phone service,Fiber optic,No,Yes,No,Yes,Yes,No,Month-to-month,Yes,Electronic check,90.27,2664.36,No
CUST000437,Male,0,Yes,Yes,60,Yes,Yes,DSL,No,Yes,No,No,No,Yes,Two year,No,Mailed check,73.09,4117.01,No
CUST000438,Female,1,No,No,32,Yes,No phone service,DSL,Yes,Yes,No,No,No,No,Month-to-month,Yes,Mailed check,30.89,945.95,No
CUST000439,Female,0,Yes,No,67,Yes,No,Fiber optic,No,No,No,No,No,Yes,Month-to-month,No,Bank transfer (automatic),78.67,5276.33,Yes
CUST000440,Male,0,No,Yes,67,Yes,Yes,Fiber optic,Yes,No,No,No,Yes,Yes,Month-to-month,Yes,Mailed check,59.26,3995.3,Yes
CUST000441,Male,0,No,Yes,28,Yes,Yes,Fiber optic,No,Yes,No,Yes,Yes,Yes,One year,Yes,Bank transfer (automatic),69.59,2067.61,Yes
CUST000442,Female,0,Yes,No,44,Yes,Yes,Fiber optic,Yes,No,No,No,No,No,Month-to-month,Yes,Bank transfer (automatic),75.44,3512.78,No
CUST000443,Male,0,No,No,41,Yes,No,DSL,Yes,No,Yes,No,No,No,Two year,Yes,Electronic check,54.52,2271.7,No
CUST000444,Male,0,Yes,No,63,Yes,Yes,Fiber optic,Yes,No,No,Yes,No,No,One year,No,Electronic check,94.2,6267.87,Yes
CUST000445,Female,0,No,No,23,No,No phone service,DSL,No,Yes,Yes,Yes,Yes,Yes,One year,Yes,Mailed check,39.38,849.91,No
CUST000446,Female,0,Yes,No,48,Yes,Yes,DSL,Yes,Yes,No,No,No,No,Month-to-month,No,Mailed check,77.01,3363.84,Yes
CUST000447,Female,0,No,No,32,Yes,No,No,No internet service,No internet service,No internet service,No internet service,No internet service,No internet service,One year,No,Bank transfer (automatic),30.31,1042.4,Yes
CUST000448,Female,1,No,Yes,57,Yes,No,DSL,No,Yes,No,No,Yes,No,Month-to-month,Yes,Mailed check,94.73,4941.24,Yes
CUST000449,Male,1,No,No,33,Yes,No,Fiber optic,No,No,No,Yes,Yes,No,Month-to-month,Yes,Mailed check,37.88,1186.71,Yes
CUST000450,Male,0,No,No,24,Yes,No,DSL,No,No,No,No,No,Yes,Month-to-month,No,Electronic check,36.64,913.71,Yes
CUST000451,Female,0,Yes,Yes,39,Yes,Yes,No,No internet service,No internet service,No internet service,No internet service,No internet service,No internet service,Month-to-month,Yes,Electronic check,53.31,2041.44,Yes
CUST000452,Female,0,No,Yes,34,Yes,Yes,Fiber optic,Yes,No,No,No,No,No,One year,No,Mailed check,56.15,2052.78,No
CUST000453,Male,0,No,No,56,Yes,No,DSL,No,No,Yes,No,No,Yes,Month-to-month,Yes,Mailed check,45.0,2418.18,No
CUST000454,Female,1,No,No,28,Yes,Yes,Fiber optic,Yes,Yes,Yes,Yes,No,No,Month-to-month,Yes,Mailed check,70.96,1792.91,Yes
CUST000455,Male,0,Yes,No,37,Yes,No,Fiber optic,Yes,No,No,No,No,Yes,Month-to-month,Yes,Electronic check,61.0,2167.02,No
CUST000456,Male,0,No,No,7,Yes,Yes,No,No internet service,No internet service,No internet service,No internet service,No internet service,No internet service,Two year,Yes,Bank transfer (automatic),32.39,230.27,No
CUST000457,Male,0,No,No,68,Yes,Yes,DSL,No,Yes,Yes,No,Yes,No,One year,No,Credit card (automatic),52.38,3473.46,No
CUST000458,Male,0,No,No,37,Yes,Yes,No,No internet service,No internet service,No internet service,No internet service,No internet service,No internet service,One year,Yes,Electronic check,86.73,3231.39,Yes
CUST000459,Male,0,Yes,No,56,No,No phone service,No,No internet service,No internet service,No internet service,No internet service,No internet service,No internet service,Month-to-month,No,Mailed check,78.28,4713.86,No
CUST000460,Male,0,No,No,65,Yes,Yes,No,No internet service,No internet service,No internet service,No internet service,No internet service,No internet service,Month-to-month,Yes,Credit card (automatic),80.74,5681.05,No
CUST000461,Male,0,Yes,Yes,65,Yes,No,Fiber optic,Yes,No,No,No,No,Yes,Two year,Yes,Electronic check,78.87,4886.6,No
CUST000462,Female,0,No,No,47,Yes,Yes,Fiber optic,Yes,Yes,No,No,Yes,Yes,Month-to-month,Yes,Mailed check,51.77,2414.77,Yes
CUST000463,Female,0,Yes,No,20,Yes,No,Fiber optic,Yes,No,No,No,No,No,Month-to-month,Yes,Electronic check,36.98,746.87,Yes
CUST000464,Female,0,No,No,19,Yes,Yes,No,No internet service,No internet service,No internet service,No internet service,No internet service,No internet service,One year,Yes,Bank transfer (automatic),49.07,1016.07,No
CUST000465,Female,0,No,No,29,Yes,No,Fiber optic,No,Yes,No,No,No,No,Month-to-month,Yes,Electronic check,88.22,2813.51,Yes
CUST000466,Male,0,Yes,No,60,Yes,No,Fiber optic,No,No,No,No,No,No,Two year,No,Credit card (automatic),98.63,5604.64,No
CUST000467,Male,0,No,Yes,18,Yes,Yes,Fiber optic,Yes,Yes,No,Yes,No,Yes,Month-to-month,Yes,Bank transfer (automatic),64.57,1215.02,No
CUST000468,Female,0,Yes,No,35,Yes,No phone service,Fiber optic,No,No,No,No,No,No,Month-to-month,Yes,Bank transfer (automatic),30.68,1047.61,No
CUST000469,Male,0,No,No,43,Yes,No phone service,No,No internet service,No internet service,No internet service,No internet service,No internet service,No internet service,Month-to-month,No,Bank transfer (automatic),39.8,1543.04,Yes
CUST000470,Female,0,No,Yes,11,Yes,No,DSL,Yes,Yes,Yes,No,No,No,Month-to-month,No,Mailed check,52.55,521.31,Yes
CUST000471,Male,0,No,Yes,49,Yes,No,No,No internet service,No internet service,No internet service,No internet service,No internet service,No internet service,Two year,Yes,Mailed check,70.5,3427.26,No
CUST000472,Female,1,No,No,38,Yes,Yes,Fiber optic,Yes,Yes,No,No,No,Yes,One year,Yes,Credit card (automatic),35.26,1336.75,No
CUST000473,Male,0,No,Yes,64,Yes,No,No,No internet service,No internet service,No internet service,No internet service,No internet service,No internet service,Month-to-month,No,Credit card (automatic),96.04,5559.65,Yes
CUST000474,Female,0,Yes,No,69,Yes,Yes,Fiber optic,Yes,Yes,Yes,No,No,Yes,Month-to-month,Yes,Mailed check,55.56,3976.96,Yes
CUST000475,Female,0,Yes,Yes,8,Yes,Yes,Fiber optic,No,No,No,No,No,Yes,One year,Yes,Credit card (automatic),93.88,720.1,Yes
CUST000476,Female,0,No,No,34,Yes,No phone service,No,No internet service,No internet service,No internet service,No internet service,No internet service,No internet service,One year,Yes,Mailed check,84.64,2912.23,Yes
CUST000477,Male,0,No,Yes,48,Yes,Yes,DSL,No,Yes,Yes,No,No,No,Month-to-month,No,Mailed check,82.88,3819.84,Yes
CUST000478,Female,0,No,No,56,Yes,No,No,No internet service,No internet service,No internet service,No internet service,No internet service,No internet service,Month-to-month,Yes,Mailed check,72.47,3788.14,No
CUST000479,Female,0,No,No,65,Yes,No,Fiber optic,No,Yes,No,No,No,Yes,Month-to-month,No,Electronic check,73.87,4712.41,Yes
CUST000480,Female,0,Yes,No,31,No,No phone service,Fiber optic,No,No,No,No,Yes,Yes,One year,Yes,Electronic check,74.66,2190.53,No
CUST000481,Female,0,No,Yes,4,Yes,No phone service,DSL,Yes,Yes,No,No,Yes,No,Two year,No,Electronic check,74.01,298.1,Yes
CUST000482,Female,0,Yes,No,50,Yes,Yes,Fiber optic,No,No,Yes,Yes,No,No,Month-to-month,Yes,Mailed check,68.76,3230.91,Yes
CUST000483,Male,0,No,No,69,Yes,Yes,DSL,No,No,No,Yes,No,No,One year,Yes,Mailed check,99.05,6845.94,Yes
CUST000484,Female,0,Yes,No,30,Yes,No,DSL,Yes,No,No,No,Yes,No,Month-to-month,No,Mailed check,81.26,2270.75,Yes
CUST000485,Female,0,Yes,Yes,59,Yes,Yes,DSL,Yes,No,Yes,No,Yes,No,Month-to-month,Yes,Credit card (automatic),84.39,5149.27,No
CUST000486,Female,0,Yes,Yes,67,Yes,Yes,DSL,No,No,No,No,No,Yes,Month-to-month,Yes,Mailed check,91.07,6411.58,Yes
CUST000487,Male,0,Yes,No,45,No,No phone service,No,No internet service,No internet service,No internet service,No internet service,No internet service,No internet service,Two year,Yes,Mailed check,45.09,1870.94,No
CUST000488,Male,0,No,No,4,Yes,No,No,No internet service,No internet service,No internet service,No internet service,No internet service,No internet service,Month-to-month,Yes,Electronic check,35.87,142.56,Yes
CUST000489,Female,0,Yes,No,26,Yes,No,Fiber optic,No,No,No,Yes,No,Yes,Month-to-month,Yes,Electronic check,63.8,1516.43,No
CUST000490,Female,0,Yes,No,27,Yes,Yes,Fiber optic,No,Yes,No,No,Yes,Yes,Month-to-month,No,Bank transfer (automatic),65.99,1816.72,Yes
CUST000491,Male,0,Yes,No,46,Yes,No,DSL,Yes,No,Yes,No,No,No,Month-to-month,Yes,Mailed check,88.04,3859.02,Yes
CUST000492,Female,0,Yes,Yes,64,Yes,Yes,Fiber optic,No,No,No,Yes,No,No,Month-to-month,Yes,Bank transfer (automatic),61.06,3929.43,Yes
CUST000493,Male,0,Yes,No,51,Yes,Yes,No,No internet service,No internet service,No internet service,No internet service,No internet service,No internet service,One year,Yes,Electronic check,69.96,3580.42,No
CUST000494,Male,0,Yes,Yes,50,Yes,No,No,No internet service,No internet service,No internet service,No internet service,No internet service,No internet service,Month-to-month,No,Mailed check,66.89,3628.35,Yes
CUST000495,Male,0,No,No,6,Yes,No,Fiber optic,No,No,Yes,No,No,Yes,One year,No,Electronic check,32.67,197.94,No
CUST000496,Male,0,No,No,59,Yes,No,No,No internet service,No internet service,No internet service,No internet service,No internet service,No internet service,Month-to-month,Yes,Electronic check,73.07,4382.69,Yes
CUST000497,Female,1,No,No,15,Yes,Yes,DSL,No,No,No,No,Yes,No,Month-to-month,Yes,Electronic check,87.96,1293.45,Yes
CUST000498,Male,0,Yes,Yes,30,Yes,No,No,No internet service,No internet service,No internet service,No internet service,No internet service,No internet service,Month-to-month,No,Electronic check,41.03,1341.45,No
CUST000499,Female,1,Yes,Yes,42,No,No phone service,DSL,No,Yes,No,No,Yes,Yes,Month-to-month,Yes,Electronic check,71.6,3173.91,Yes
CUST000500,Female,0,No,Yes,37,Yes,No,Fiber optic,Yes,No,No,No,No,No,Month-to-month,No,Electronic check,71.55,2533.73,Yes
